distance_km,lat,lon,elevation,speed_km_h,pace_min_km
0.004,-12.1077,-76.9849,159.8,14.4,4.17
0.009000000000000001,-12.10764877815293,-76.9849,159.85171054608898,14.21780094308374,4.225671934057742
0.014000000000000002,-12.107597680149501,-76.9849,159.9032966507449,14.036044853832534,4.281208516884501
0.019000000000000003,-12.107546705939829,-76.98489999999998,159.9547583638461,13.85473191136475,4.336609693749655
0.024000000000000004,-12.107495855523917,-76.98489999999998,160.00609568539267,13.673862115680393,4.391875464653207
0.029000000000000005,-12.107445128901759,-76.98489999999997,160.05730861538456,13.493435466779461,4.447005829595159
0.034,-12.107394526073362,-76.98489999999998,160.10839715382176,13.313451964661956,4.502000788575508
0.03900000000000001,-12.107344047038724,-76.9849,160.15936130070432,13.13391160932788,4.556860341594255
0.04400000000000001,-12.10729369179784,-76.98489999999998,160.21020105603216,12.954814400777224,4.611584488651399
0.049000000000000016,-12.107243460350713,-76.98489999999995,160.2609164198053,12.776160339009989,4.6661732297469385
0.054000000000000006,-12.107193352697344,-76.98489999999994,160.31150739202377,12.597949424026181,4.720626564880878
0.05900000000000001,-12.107143368837736,-76.98489999999994,160.36197397268762,12.420181655825804,4.774944494053216
0.06400000000000002,-12.107093508771886,-76.98489999999994,160.41231616179678,12.24285703440885,4.829127017263952
0.06900000000000002,-12.107043772499793,-76.98489999999994,160.46253395935128,12.065975559775321,4.8831741345130855
0.07400000000000001,-12.106994160021458,-76.98489999999994,160.51262736535105,11.889537231925217,4.937085845800616
0.07900000000000001,-12.106944671336882,-76.98489999999993,160.5625963797962,11.713542050858537,4.990862151126545
0.08400000000000002,-12.106895306446061,-76.98489999999993,160.6124410026866,11.537990016575286,5.044503050490872
0.08900000000000002,-12.106846065348995,-76.98489999999988,160.66216123402236,11.362881129075452,5.098008543893595
0.09400000000000003,-12.106796948045691,-76.98489999999988,160.71175707380348,11.188215388359051,5.151378631334718
0.09900000000000002,-12.106747954536148,-76.9848999999999,160.76122852202988,11.013992794426075,5.204613312814237
0.10400000000000002,-12.10669908482036,-76.9848999999999,160.81057557870164,10.840213347276523,5.257712588332156
0.10900000000000003,-12.10665033889833,-76.98489999999988,160.85979824381872,10.666877046910397,5.310676457888472
0.11400000000000002,-12.10660171677006,-76.9848999999999,160.90889651738112,10.493983893327696,5.3635049214831865
0.11900000000000002,-12.10655321843554,-76.98489999999987,160.9578703993888,10.321533886528417,5.416197979116297
0.12400000000000003,-12.106504843894783,-76.98489999999987,161.00671988984186,10.149527026512565,5.468755630787806
0.12900000000000003,-12.106456593147787,-76.98489999999987,161.0554449887402,9.977963313280139,5.521177876497712
0.13400000000000004,-12.106408466194543,-76.98489999999985,161.10404569608392,9.80684274683114,5.5734647162460185
0.13900000000000004,-12.10636046303506,-76.98489999999984,161.1525220118729,9.636165327165562,5.625616150032721
0.14400000000000002,-12.106312583669334,-76.98489999999985,161.20087393610723,9.465931054283416,5.677632177857822
0.14900000000000002,-12.10626482809737,-76.98489999999984,161.2491014687869,9.29613992818469,5.729512799721321
0.15400000000000003,-12.106217196319156,-76.98489999999983,161.29720460991192,9.12679194886939,5.781258015623217
0.15900000000000003,-12.106169688334706,-76.98489999999983,161.34518335948223,8.957887116337517,5.83286782556351
0.16400000000000003,-12.106122304144012,-76.98489999999983,161.39303771749786,8.789425430589068,5.884342229542202
0.16900000000000004,-12.106075043747076,-76.98489999999981,161.4407676839588,8.621406891624044,5.935681227559292
0.17400000000000004,-12.106027907143899,-76.98489999999983,161.4883732588651,8.453831499442446,5.986884819614781
0.17900000000000005,-12.105980894334476,-76.9848999999998,161.53585444221667,8.28669925404427,6.0379530057086646
0.18400000000000005,-12.105934005318813,-76.9848999999998,161.5832112340136,8.120010155429524,6.088885785840948
0.18900000000000003,-12.105887240096909,-76.9848999999998,161.63044363425587,7.953764203598202,6.1396831600116295
0.19400000000000003,-12.105840598668761,-76.9848999999998,161.67755164294346,7.787961398550305,6.190345128220709
0.19900000000000004,-12.105794081034373,-76.9848999999998,161.72453526007638,7.622601740285836,6.240871690468186
0.20400000000000004,-12.10574768719374,-76.98489999999978,161.77139448565455,7.4576852288047855,6.2912628467540594
0.20900000000000005,-12.105701417146866,-76.98489999999977,161.81812931967812,7.293211864107165,6.341518597078331
0.21400000000000005,-12.105655270893754,-76.98489999999978,161.86473976214702,7.129181646192971,6.391638941441004
0.21900000000000006,-12.105609248434394,-76.98489999999977,161.9112258130612,6.965594575062198,6.441623879842071
0.22400000000000003,-12.105563349768794,-76.98489999999975,161.95758747242073,6.802450650714851,6.491473412281536
0.22900000000000004,-12.105517574896952,-76.98489999999975,162.00382474022558,6.639749873150933,6.5411875387594005
0.23400000000000004,-12.105471923818868,-76.98489999999974,162.04993761647575,6.477492242370437,6.590766259275662
0.23900000000000005,-12.105426396534543,-76.98489999999975,162.09592610117124,6.315677758373369,6.640209573830322
0.24400000000000005,-12.105380993043973,-76.98489999999973,162.14179019431205,6.154306421159724,6.689517482423378
0.24900000000000005,-12.105335713347165,-76.98489999999974,162.1875298958982,5.993378230729505,6.738689985054834
0.25400000000000006,-12.10529055744411,-76.98489999999973,162.23314520592967,5.8328931870827105,6.787727081724687
0.25900000000000006,-12.105245525334814,-76.98489999999973,162.2786361244065,5.672851290219343,6.836628772432936
0.26400000000000007,-12.105200617019278,-76.98489999999971,162.32400265132858,5.513252540139399,6.885395057179586
0.2690000000000001,-12.105155832497498,-76.98489999999971,162.36924478669602,5.354096936842881,6.934025935964632
0.2740000000000001,-12.105111171769478,-76.98489999999971,162.41436253050878,5.19538448032979,6.9825214087880765
0.2790000000000001,-12.105066634835216,-76.98489999999971,162.45935588276689,5.037115170600122,7.030881475649919
0.28400000000000003,-12.10502222169471,-76.9848999999997,162.50422484347033,4.879289007653883,7.079106136550159
0.28900000000000003,-12.104977932347959,-76.98489999999968,162.54896941261902,4.721905991491064,7.1271953914887956
0.29400000000000004,-12.104933766794971,-76.98489999999968,162.5935895902131,4.564966122111673,7.175149240465832
0.29900000000000004,-12.104889725035738,-76.98489999999968,162.6380853762525,4.408469399515706,7.222967683481265
0.30400000000000005,-12.104845807070264,-76.98489999999967,162.6824567707372,4.252415823703165,7.2706507205350945
0.30900000000000005,-12.104802012898547,-76.98489999999968,162.72670377366725,4.096805394674049,7.318198351627326
0.31400000000000006,-12.104758342520592,-76.98489999999968,162.7708263850426,3.9416381124283606,7.365610576757953
0.31900000000000006,-12.10471479593639,-76.98489999999966,162.81482460486328,3.7869139769660927,7.412887395926977
0.32400000000000007,-12.104671373145946,-76.98489999999967,162.8586984331293,3.632632988287258,7.4600288091344
0.32900000000000007,-12.10462807414926,-76.98489999999964,162.90244786984059,3.47879514639184,7.507034816380219
0.3340000000000001,-12.104584898946335,-76.98489999999966,162.94607291499727,3.3254004512798527,7.5539054176644385
0.3390000000000001,-12.104541847537167,-76.98489999999964,162.98957356859924,3.172448902951288,7.600640612987053
0.3440000000000001,-12.104498919921753,-76.98489999999963,163.03294983064654,3.0199405014061496,7.647240402348067
0.3490000000000001,-12.1044561161001,-76.98489999999963,163.07620170113918,2.8678752466444353,7.693704785747479
0.3540000000000001,-12.104413436072205,-76.98489999999963,163.1193291800771,2.716253138666145,7.740033763185289
0.3590000000000001,-12.104370879838068,-76.98489999999963,163.1623322674604,2.5650741774712875,7.786227334661496
0.3640000000000001,-12.104328447397688,-76.98489999999963,163.20521096328906,2.4143383630598505,7.832285500176101
0.36900000000000005,-12.104286138751064,-76.98489999999961,163.24796526756296,2.264045695431836,7.878208259729104
0.37400000000000005,-12.1042439538982,-76.98489999999961,163.29059518028217,2.1141961745872506,7.923995613320505
0.37900000000000006,-12.104201892839095,-76.98489999999961,163.3331007014468,1.9647898005260895,7.969647560950304
0.38400000000000006,-12.104159955573747,-76.98489999999961,163.37548183105667,1.8158265732483545,8.0151641026185
0.38900000000000007,-12.104118142102154,-76.98489999999958,163.4177385691119,1.6673064927540397,8.060545238325094
0.3940000000000001,-12.10407645242432,-76.98489999999958,163.4598709156124,1.5192295590431546,8.105790968070087
0.3990000000000001,-12.104034886540246,-76.98489999999958,163.5018788705583,1.3715957721156953,8.150901291853478
0.4040000000000001,-12.10399344444993,-76.98489999999958,163.5437624339495,1.2244051319716636,8.195876209675262
0.4090000000000001,-12.10395212615337,-76.98489999999957,163.585521605786,1.0776576386110506,8.24071572153545
0.4140000000000001,-12.103910931650569,-76.98489999999958,163.6271563860679,0.9313532920338671,8.285419827434035
0.4190000000000001,-12.103869860941526,-76.98489999999956,163.66866677479504,0.7854920922401076,8.329988527371013
0.4240000000000001,-12.103828914026238,-76.98489999999954,163.71005277196753,0.6400740392297741,8.374421821346393
0.4290000000000001,-12.10378809090471,-76.98489999999954,163.75131437758535,0.4950991330028647,8.41871970936017
0.4340000000000001,-12.103747391576942,-76.98489999999956,163.7924515916485,0.3505673735593811,8.462882191412346
0.4390000000000001,-12.10370681604293,-76.98489999999956,163.83346441415696,0.20647876089932518,8.506909267502918
0.44400000000000006,-12.103666364302676,-76.98489999999956,163.87435284511076,0.06283329502269333,8.55080093763189
0.44900000000000007,-12.103626036356182,-76.98489999999956,163.91511688450987,-0.08036902407051438,8.594557201799256
0.45400000000000007,-12.103585832203438,-76.98489999999951,163.95575653235426,-0.2231281963802998,8.638178060005021
0.4590000000000001,-12.103545751844461,-76.98489999999953,163.99627178864404,-0.36544422190665576,8.681663512249187
0.4640000000000001,-12.103505795279238,-76.98489999999953,164.03666265337915,-0.5073171006495877,8.725013558531748
0.4690000000000001,-12.10346596250777,-76.9848999999995,164.07692912655952,-0.6487468326090937,8.768228198852707
0.4740000000000001,-12.103426253530063,-76.98489999999951,164.11707120818528,-0.7897334177851738,8.811307433212065
0.4790000000000001,-12.103386668346115,-76.9848999999995,164.15708889825635,-0.9302768561778281,8.854251261609821
0.4840000000000001,-12.103347206955922,-76.9848999999995,164.19698219677272,-1.07037714778706,8.897059684045974
0.4890000000000001,-12.103307869359488,-76.9848999999995,164.23675110373443,-1.2100342926128642,8.939732700520524
0.4940000000000001,-12.103268655556812,-76.98489999999947,164.27639561914145,-1.3492482906552463,8.982270311033473
0.4990000000000001,-12.103229565547895,-76.98489999999948,164.31591574299384,-1.4880191419142006,9.02467251558482
0.5040000000000001,-12.103190599332734,-76.98489999999948,164.3553114752915,-1.6263468463897308,9.066939314174565
0.5090000000000001,-12.103151756911334,-76.98489999999947,164.3945828160345,-1.7642314040818352,9.109070706802708
0.5140000000000001,-12.103113038283688,-76.98489999999947,164.43372976522284,-1.90167281499051,9.151066693469248
0.5190000000000001,-12.103074443449803,-76.98489999999948,164.4727523228565,-2.0386710791157663,9.192927274174185
0.5240000000000001,-12.103035972409675,-76.98489999999946,164.51165048893546,-2.1752261964575927,9.23465244891752
0.5290000000000001,-12.102997625163303,-76.98489999999946,164.55042426345975,-2.311338167015997,9.276242217699254
0.5340000000000001,-12.10295940171069,-76.98489999999946,164.5890736464294,-2.447006990790974,9.317696580519385
0.5390000000000001,-12.102921302051836,-76.98489999999944,164.62759863784433,-2.582232667782525,9.359015537377916
0.5440000000000002,-12.102883326186738,-76.98489999999946,164.66599923770463,-2.717015197990652,9.400199088274844
0.5490000000000002,-12.102845474115396,-76.98489999999943,164.7042754460102,-2.851354581415353,9.441247233210166
0.5540000000000002,-12.102807745837815,-76.98489999999941,164.7424272627611,-2.985250818056633,9.482159972183888
0.5590000000000002,-12.102770141353993,-76.98489999999943,164.7804546879574,-3.118703907914484,9.522937305196011
0.5640000000000001,-12.102732660663928,-76.98489999999944,164.81835772159894,-3.2517138509889056,9.563579232246527
0.5690000000000001,-12.102695303767621,-76.98489999999944,164.85613636368586,-3.3842806472799065,9.604085753335445
0.5740000000000001,-12.10265807066507,-76.98489999999943,164.8937906142181,-3.5164042967874782,9.644456868462758
0.5790000000000001,-12.102620961356275,-76.9848999999994,164.93132047319563,-3.648084799511631,9.68469257762847
0.5840000000000001,-12.102583975841242,-76.98489999999941,164.96872594061847,-3.779322155452356,9.72479288083258
0.5890000000000001,-12.102547114119966,-76.98489999999941,165.00600701648665,-3.9101163646096535,9.764757778075088
0.5940000000000001,-12.102510376192447,-76.98489999999939,165.04316370080016,-4.040467426983529,9.804587269355991
0.5990000000000001,-12.102473762058686,-76.9848999999994,165.080195993559,-4.170375342573978,9.844281354675294
0.6040000000000001,-12.102437271718681,-76.98489999999939,165.11710389476318,-4.299840111381002,9.883840034032996
0.6090000000000001,-12.102400905172441,-76.9848999999994,165.1538874044127,-4.428861733404599,9.923263307429098
0.6140000000000001,-12.102364662419953,-76.9848999999994,165.1905465225075,-4.5574402086447705,9.962551174863593
0.6190000000000001,-12.10232854346122,-76.98489999999937,165.2270812490476,-4.68557553710152,10.001703636336487
0.6240000000000001,-12.102292548296248,-76.98489999999937,165.26349158403306,-4.813267718774842,10.04072069184778
0.6290000000000001,-12.102256676925036,-76.98489999999937,165.29977752746385,-4.940516753664739,10.07960234139747
0.6340000000000001,-12.102220929347581,-76.98489999999936,165.33593907934,-5.067322641771213,10.118348584985558
0.6390000000000001,-12.102185305563882,-76.98489999999937,165.3719762396614,-5.193685383094255,10.156959422612042
0.6440000000000001,-12.102149805573942,-76.98489999999936,165.40788900842816,-5.3196049776338805,10.195434854276927
0.6490000000000001,-12.10211442937776,-76.98489999999936,165.44367738564029,-5.445081425390069,10.233774879980206
0.6540000000000001,-12.102079176975336,-76.98489999999936,165.47934137129766,-5.570114726362848,10.271979499721889
0.6590000000000001,-12.102044048366668,-76.98489999999934,165.5148809654004,-5.694704880552191,10.310048713501965
0.6640000000000001,-12.10200904355176,-76.98489999999934,165.55029616794846,-5.818851887958113,10.347982521320441
0.6690000000000002,-12.10197416253061,-76.98489999999936,165.58558697894182,-5.942555748580607,10.385780923177315
0.6740000000000002,-12.101939405303213,-76.98489999999933,165.62075339838051,-6.065816462419673,10.423443919072582
0.6790000000000002,-12.10190477186958,-76.98489999999933,165.65579542626455,-6.188634029475317,10.460971509006253
0.6840000000000002,-12.101870262229705,-76.98489999999933,165.69071306259391,-6.311008449747539,10.498363692978318
0.6890000000000002,-12.101835876383586,-76.98489999999933,165.7255063073686,-6.4329397232363315,10.535620470988782
0.6940000000000002,-12.101801614331224,-76.98489999999934,165.7601751605886,-6.5544278499417,10.572741843037646
0.6990000000000002,-12.101767476072618,-76.9848999999993,165.7947196222539,-6.675472829863641,10.609727809124902
0.7040000000000002,-12.101733461607774,-76.98489999999931,165.82913969236458,-6.796074663002161,10.646578369250562
0.7090000000000002,-12.101699570936685,-76.98489999999931,165.86343537092057,-6.91623334935725,10.683293523414617
0.7140000000000002,-12.101665804059355,-76.9848999999993,165.89760665792184,-7.035948888928918,10.71987327161707
0.7190000000000002,-12.101632160975782,-76.9848999999993,165.93165355336842,-7.155221281717161,10.75631761385792
0.7240000000000002,-12.101598641685966,-76.98489999999929,165.9655760572604,-7.274050527721977,10.792626550137168
0.7290000000000001,-12.10156524618991,-76.98489999999929,165.99937416959767,-7.39243662694337,10.828800080454817
0.7340000000000001,-12.101531974487614,-76.9848999999993,166.0330478903803,-7.5103795793813335,10.864838204810862
0.7390000000000001,-12.101498826579073,-76.9848999999993,166.06659721960818,-7.627879385035874,10.900740923205305
0.7440000000000001,-12.101465802464286,-76.98489999999927,166.10002215728142,-7.744936043906987,10.936508235638144
0.7490000000000001,-12.101432902143262,-76.98489999999927,166.13332270339998,-7.861549555994678,10.972140142109382
0.7540000000000001,-12.101400125615996,-76.98489999999927,166.1664988579639,-7.977719921298943,11.007636642619017
0.7590000000000001,-12.101367472882485,-76.98489999999927,166.19955062097307,-8.093447139819785,11.042997737167052
0.7640000000000001,-12.101334943942733,-76.98489999999927,166.23247799242762,-8.208731211557197,11.078223425753484
0.7690000000000001,-12.10130253879674,-76.98489999999926,166.2652809723275,-8.323572136511187,11.113313708378312
0.7740000000000001,-12.101270257444504,-76.98489999999926,166.2979595606727,-8.437969914681746,11.148268585041539
0.7790000000000001,-12.101238099886029,-76.98489999999927,166.33051375746322,-8.551924546068893,11.183088055743166
0.7840000000000001,-12.101206066121305,-76.98489999999924,166.36294356269903,-8.6654360306726,11.217772120483186
0.7890000000000001,-12.101174156150343,-76.98489999999924,166.3952489763802,-8.77850436849289,11.25232077926161
0.7940000000000002,-12.101142369973138,-76.98489999999924,166.42742999850668,-8.891129559529753,11.286734032078428
0.7990000000000002,-12.10111070758969,-76.98489999999923,166.45948662907844,-9.003311603783187,11.321011878933641
0.8040000000000002,-12.101079169000002,-76.98489999999924,166.49141886809562,-9.115050501253203,11.355154319827257
0.8090000000000002,-12.101047754204071,-76.98489999999924,166.52322671555808,-9.22634625193979,11.38916135475927
0.8140000000000002,-12.101016463201901,-76.98489999999923,166.55491017146588,-9.33719885584295,11.423032983729682
0.8190000000000002,-12.100985295993484,-76.98489999999923,166.58646923581898,-9.447608312962688,11.456769206738489
0.8240000000000002,-12.100954252578825,-76.98489999999921,166.61790390861736,-9.557574623298995,11.490370023785692
0.8290000000000002,-12.100923332957926,-76.98489999999921,166.64921418986114,-9.667097786851881,11.523835434871298
0.8340000000000002,-12.100892537130788,-76.98489999999923,166.68040007955025,-9.776177803621344,11.5571654399953
0.8390000000000002,-12.1008618650974,-76.98489999999921,166.71146157768462,-9.884814673607378,11.590360039157696
0.8440000000000002,-12.100831316857775,-76.98489999999921,166.74239868426437,-9.993008396809984,11.623419232358494
0.8490000000000002,-12.100800892411906,-76.9848999999992,166.7732113992894,-10.100758973229174,11.656343019597688
0.8540000000000002,-12.100770591759794,-76.98489999999919,166.80389972275978,-10.20806640286493,11.689131400875281
0.8590000000000002,-12.100740414901445,-76.9848999999992,166.83446365467552,-10.314930685717263,11.721784376191271
0.8640000000000002,-12.100710361836848,-76.98489999999919,166.86490319503648,-10.421351821786173,11.75430194554566
0.8690000000000002,-12.100680432566012,-76.98489999999919,166.89521834384286,-10.527329811071656,11.786684108938445
0.8740000000000002,-12.100650627088935,-76.98489999999919,166.92540910109454,-10.632864653573714,11.81893086636963
0.8790000000000002,-12.10062094540561,-76.98489999999919,166.95547546679148,-10.737956349292341,11.85104221783921
0.8840000000000001,-12.100591387516047,-76.98489999999917,166.98541744093384,-10.842604898227549,11.883018163347192
0.8890000000000001,-12.100561953420241,-76.98489999999917,167.01523502352146,-10.946810300379333,11.914858702893566
0.8940000000000001,-12.100532643118196,-76.98489999999917,167.04492821455443,-11.050572555747689,11.946563836478342
0.8990000000000001,-12.100503456609905,-76.98489999999916,167.07449701403274,-11.153891664332619,11.978133564101515
0.9040000000000001,-12.100474393895379,-76.98489999999917,167.1039414219564,-11.256767626134124,12.009567885763088
0.9090000000000001,-12.1004454549746,-76.98489999999917,167.1332614383253,-11.359200441152206,12.040866801463055
0.9140000000000001,-12.100416639847586,-76.98489999999917,167.16245706313958,-11.461190109386864,12.072030311201422
0.9190000000000002,-12.100387948514326,-76.98489999999916,167.19152829639916,-11.562736630838092,12.103058414978184
0.9240000000000002,-12.100359380974824,-76.98489999999913,167.22047513810404,-11.663840005505897,12.133951112793346
0.9290000000000002,-12.100330937229081,-76.98489999999914,167.2492975882543,-11.764500233390276,12.164708404646905
0.9340000000000002,-12.1003026172771,-76.98489999999914,167.2779956468499,-11.86471731449123,12.195330290538866
0.9390000000000002,-12.100274421118872,-76.98489999999914,167.30656931389075,-11.964491248808761,12.22581677046922
0.9440000000000002,-12.100246348754405,-76.98489999999916,167.335018589377,-12.063822036342865,12.256167844437977
0.9490000000000002,-12.10021840018369,-76.98489999999913,167.36334347330853,-12.162709677093543,12.286383512445125
0.9540000000000002,-12.100190575406737,-76.98489999999913,167.39154396568537,-12.261154171060795,12.316463774490675
0.9590000000000002,-12.100162874423543,-76.98489999999914,167.41962006650758,-12.359155518244625,12.346408630574624
0.9640000000000002,-12.100135297234104,-76.9848999999991,167.44757177577503,-12.45671371864503,12.376218080696965
0.9690000000000002,-12.100107843838424,-76.9848999999991,167.47539909348788,-12.553828772262003,12.40589212485771
0.9740000000000002,-12.100080514236502,-76.9848999999991,167.50310201964606,-12.650500679095556,12.43543076305685
0.9790000000000002,-12.100053308428341,-76.98489999999913,167.53068055424956,-12.746729439145684,12.464833995294388
0.9840000000000002,-12.100026226413934,-76.98489999999912,167.55813469729833,-12.842515052412386,12.494101821570325
0.9890000000000002,-12.099999268193285,-76.98489999999909,167.5854644487924,-12.937857518895658,12.523234241884655
0.9940000000000002,-12.099972433766393,-76.9848999999991,167.61266980873188,-13.032756838595509,12.55223125623739
0.9990000000000002,-12.099945723133263,-76.9848999999991,167.63975077711672,-13.12721301151194,12.581092864628522
1.0040000000000002,-12.099919136293888,-76.9848999999991,167.6667073539468,-13.221226037644936,12.609819067058046
1.0090000000000001,-12.099892673248268,-76.98489999999909,167.69353953922217,-13.31479591699451,12.638409863525972
1.0140000000000002,-12.099866333996413,-76.9848999999991,167.72024733294302,-13.407922649560666,12.666865254032295
1.0190000000000001,-12.099840118538312,-76.9848999999991,167.74683073510906,-13.500606235343387,12.695185238577018
1.0240000000000002,-12.099814026873968,-76.9848999999991,167.77328974572046,-13.592846674342688,12.723369817160135
1.0290000000000001,-12.099788059003385,-76.9848999999991,167.7996243647772,-13.684643966558559,12.751418989781655
1.0340000000000003,-12.099762214926557,-76.9848999999991,167.82583459227928,-13.775998111991013,12.779332756441569
1.0390000000000001,-12.099736494643485,-76.98489999999909,167.8519204282266,-13.86690911064003,12.807111117139879
1.0440000000000003,-12.099710898154173,-76.98489999999907,167.87788187261927,-13.957376962505627,12.834754071876588
1.0490000000000002,-12.099685425458617,-76.98489999999906,167.90371892545727,-14.047401667587797,12.862261620651694
1.0540000000000003,-12.099660076556821,-76.98489999999906,167.92943158674063,-14.136983225886553,12.889633763465204
1.0590000000000002,-12.099634851448785,-76.98489999999907,167.95501985646933,-14.226121637401873,12.916870500317108
1.0640000000000003,-12.099609750134503,-76.98489999999907,167.98048373464331,-14.314816902133769,12.943971831207408
1.0690000000000002,-12.099584772613982,-76.98489999999907,168.00582322126266,-14.403069020082242,12.970937756136108
1.0740000000000003,-12.099559918887214,-76.98489999999906,168.03103831632725,-14.490877991247288,12.997768275103203
1.0790000000000002,-12.09953518895421,-76.98489999999906,168.05612901983724,-14.578243815628909,13.0244633881087
1.0840000000000003,-12.09951058281496,-76.98489999999906,168.0810953317925,-14.665166493227103,13.05102309515259
1.0890000000000002,-12.099486100469468,-76.98489999999903,168.10593725219312,-14.751646024041872,13.07744739623488
1.0940000000000003,-12.099461741917734,-76.98489999999904,168.13065478103906,-14.83768240807322,13.103736291355572
1.0990000000000002,-12.09943750715976,-76.98489999999904,168.15524791833033,-14.923275645321139,13.129889780514658
1.1040000000000003,-12.099413396195544,-76.98489999999906,168.17971666406694,-15.008425735785636,13.155907863712143
1.1090000000000002,-12.099389409025084,-76.98489999999904,168.20406101824886,-15.093132679466699,13.181790540948022
1.1140000000000003,-12.09936554564838,-76.98489999999903,168.22828098087606,-15.177396476364347,13.207537812222302
1.1190000000000002,-12.099341806065436,-76.98489999999904,168.2523765519486,-15.261217126478568,13.23314967753498
1.124,-12.09931819027625,-76.98489999999903,168.2763477314665,-15.344594629809357,13.258626136886054
1.1290000000000002,-12.099294698280822,-76.98489999999903,168.3001945194297,-15.427528986356727,13.283967190275526
1.1340000000000001,-12.09927133007915,-76.98489999999902,168.32391691583823,-15.510020196120664,13.309172837703397
1.1390000000000002,-12.09924808567124,-76.98489999999903,168.34751492069208,-15.59206825910118,13.334243079169669
1.1440000000000001,-12.099224965057084,-76.98489999999903,168.37098853399127,-15.673673175298278,13.359177914674333
1.1490000000000002,-12.099201968236688,-76.98489999999903,168.39433775573585,-15.754834944711947,13.383977344217403
1.1540000000000001,-12.099179095210047,-76.98489999999902,168.41756258592562,-15.835553567342181,13.408641367798861
1.1590000000000003,-12.099156345977166,-76.984899999999,168.44066302456073,-15.915829043189001,13.43316998541872
1.1640000000000001,-12.099133720538044,-76.98489999999902,168.46363907164127,-15.995661372252394,13.45756319707698
1.1690000000000003,-12.099111218892677,-76.984899999999,168.48649072716705,-16.075050554532357,13.481821002773634
1.1740000000000002,-12.099088841041068,-76.98489999999899,168.50921799113814,-16.1539965900289,13.505943402508686
1.1790000000000003,-12.09906658698322,-76.984899999999,168.53182086355463,-16.232499478742014,13.529930396282143
1.1840000000000002,-12.099044456719128,-76.984899999999,168.5542993444164,-16.310559220671703,13.553781984093987
1.1890000000000003,-12.099022450248794,-76.984899999999,168.5766534337235,-16.38817581581797,13.577498165944238
1.1940000000000002,-12.099000567572219,-76.984899999999,168.59888313147593,-16.46534926418081,13.601078941832883
1.1990000000000003,-12.0989788086894,-76.984899999999,168.62098843767367,-16.54207956576023,13.624524311759927
1.2040000000000002,-12.09895717360034,-76.98489999999899,168.64296935231675,-16.618366720556214,13.647834275725366
1.2090000000000003,-12.098935662305033,-76.98489999999899,168.66482587540514,-16.694210728568773,13.671008833729204
1.2140000000000002,-12.098914274803489,-76.98489999999899,168.68655800693884,-16.76961158979791,13.694047985771439
1.2190000000000003,-12.098893011095702,-76.98489999999897,168.70816574691787,-16.844569304243628,13.716951731852074
1.2240000000000002,-12.098871871181675,-76.98489999999897,168.72964909534224,-16.91908387190591,13.739720071971105
1.2290000000000003,-12.098850855061405,-76.98489999999899,168.75100805221197,-16.99315529278478,13.762353006128539
1.2340000000000002,-12.098829962734893,-76.98489999999897,168.77224261752696,-17.06678356688021,13.784850534324363
1.2390000000000003,-12.098809194202135,-76.98489999999896,168.7933527912873,-17.139968694192227,13.80721265655859
1.2440000000000002,-12.098788549463135,-76.98489999999899,168.81433857349296,-17.21271067472081,13.829439372831212
1.2490000000000003,-12.098768028517897,-76.98489999999897,168.83519996414395,-17.285009508465972,13.851530683142233
1.2540000000000002,-12.098747631366413,-76.98489999999896,168.85593696324025,-17.35686519542771,13.873486587491652
1.2590000000000003,-12.09872735800869,-76.98489999999896,168.87654957078192,-17.42827773560602,13.895307085879468
1.2640000000000002,-12.098707208444724,-76.98489999999894,168.8970377867689,-17.499247129000903,13.916992178305684
1.2690000000000003,-12.098687182674517,-76.98489999999896,168.91740161120117,-17.569773375612364,13.938541864770297
1.2740000000000002,-12.098667280698066,-76.98489999999897,168.93764104407882,-17.6398564754404,13.95995614527331
1.2790000000000004,-12.098647502515373,-76.98489999999894,168.9577560854017,-17.709496428485007,13.981235019814715
1.2840000000000003,-12.098627848126435,-76.98489999999894,168.97774673516997,-17.77869323474619,14.00237848839452
1.2890000000000001,-12.098608317531259,-76.98489999999894,168.9976129933835,-17.84744689422395,14.023386551012722
1.2940000000000003,-12.098588910729838,-76.98489999999892,169.01735486004242,-17.915757406918278,14.044259207669326
1.2990000000000002,-12.09856962772218,-76.98489999999893,169.03697233514666,-17.983624772829188,14.064996458364325
1.3040000000000003,-12.098550468508277,-76.98489999999893,169.05646541869626,-18.051048991956677,14.085598303097724
1.3090000000000002,-12.09853143308813,-76.98489999999894,169.07583411069112,-18.11803006430073,14.106064741869517
1.3140000000000003,-12.098512521461744,-76.98489999999896,169.09507841113134,-18.184567989861364,14.126395774679713
1.3190000000000002,-12.09849373362911,-76.98489999999893,169.11419832001684,-18.250662768638566,14.1465914015283
1.3240000000000003,-12.09847506959024,-76.98489999999893,169.1331938373477,-18.316314400632358,14.16665162241529
1.3290000000000002,-12.098456529345126,-76.98489999999893,169.15206496312385,-18.381522885842706,14.186576437340676
1.3340000000000003,-12.098438112893769,-76.98489999999893,169.17081169734536,-18.44628822426964,14.20636584630446
1.3390000000000002,-12.09841982023617,-76.98489999999892,169.1894340400122,-18.510610415913142,14.226019849306642
1.3440000000000003,-12.098401651372328,-76.98489999999892,169.20793199112433,-18.574489460773226,14.245538446347222
1.3490000000000002,-12.098383606302248,-76.98489999999893,169.22630555068184,-18.63792535884988,14.2649216374262
1.3540000000000003,-12.098365685025923,-76.98489999999893,169.24455471868464,-18.700918110143114,14.284169422543577
1.3590000000000002,-12.098347887543357,-76.98489999999893,169.26267949513274,-18.763467714652915,14.303281801699349
1.3640000000000003,-12.098330213854545,-76.98489999999893,169.2806798800262,-18.825574172379298,14.322258774893522
1.3690000000000002,-12.098312663959492,-76.9848999999989,169.29855587336493,-18.887237483322252,14.341100342126088
1.3740000000000003,-12.0982952378582,-76.98489999999892,169.31630747514907,-18.948457647481785,14.359806503397056
1.3790000000000002,-12.098277935550666,-76.9848999999989,169.3339346853785,-19.009234664857882,14.378377258706422
1.3840000000000003,-12.098260757036888,-76.9848999999989,169.35143750405322,-19.06956853545056,14.396812608054185
1.3890000000000002,-12.098243702316866,-76.9848999999989,169.3688159311733,-19.12945925925981,14.415112551440343
1.3940000000000003,-12.098226771390605,-76.98489999999889,169.38606996673866,-19.188906836285643,14.433277088864903
1.3990000000000002,-12.098209964258103,-76.9848999999989,169.40319961074943,-19.247911266528046,14.451306220327861
1.4040000000000004,-12.098193280919357,-76.9848999999989,169.42020486320544,-19.30647254998702,14.469199945829212
1.4090000000000003,-12.098176721374365,-76.9848999999989,169.43708572410682,-19.36459068666257,14.486958265368962
1.4140000000000004,-12.098160285623134,-76.98489999999889,169.45384219345345,-19.422265676554698,14.504581178947113
1.4190000000000003,-12.09814397366566,-76.98489999999887,169.47047427124548,-19.479497519663397,14.52206868656366
1.4240000000000004,-12.098127785501946,-76.98489999999889,169.4869819574828,-19.536286215988678,14.539420788218605
1.4290000000000003,-12.09811172113199,-76.9848999999989,169.50336525216548,-19.592631765530527,14.556637483911949
1.4340000000000004,-12.098095780555791,-76.9848999999989,169.51962415529346,-19.648534168288958,14.57371877364369
1.4390000000000003,-12.098079963773351,-76.9848999999989,169.5357586668668,-19.703993424263956,14.59066465741383
1.4440000000000004,-12.098064270784665,-76.98489999999887,169.5517687868854,-19.759009533455526,14.607475135222362
1.4490000000000003,-12.09804870158974,-76.98489999999889,169.5676545153494,-19.813582495863677,14.624150207069302
1.4540000000000002,-12.098033256188572,-76.98489999999889,169.58341585225867,-19.867712311488404,14.640689872954631
1.4590000000000003,-12.098017934581161,-76.98489999999886,169.5990527976132,-19.9213989803297,14.657094132878358
1.4640000000000002,-12.098002736767508,-76.98489999999887,169.61456535141318,-19.97464250238757,14.673362986840488
1.4690000000000003,-12.097987662747615,-76.98489999999887,169.62995351365845,-20.02744287766202,14.689496434841015
1.4740000000000002,-12.097972712521479,-76.98489999999887,169.64521728434903,-20.079800106153048,14.70549447687994
1.4790000000000003,-12.097957886089102,-76.98489999999889,169.66035666348495,-20.13171418786065,14.72135711295726
1.4840000000000002,-12.09794318345048,-76.98489999999887,169.67537165106617,-20.183185122784817,14.737084343072981
1.4890000000000003,-12.097928604605617,-76.98489999999887,169.69026224709268,-20.234212910925564,14.752676167227095
1.4940000000000002,-12.09791414955451,-76.98489999999886,169.70502845156457,-20.284797552282882,14.76813258541961
1.4990000000000003,-12.097899818297163,-76.98489999999887,169.71967026448175,-20.33493904685678,14.783453597650523
1.5040000000000002,-12.097885610833574,-76.98489999999886,169.7341876858443,-20.38463739464725,14.798639203919832
1.5090000000000003,-12.097871527163743,-76.98489999999887,169.74858071565217,-20.433892595654303,14.813689404227544
1.5140000000000002,-12.09785756728767,-76.98489999999886,169.76284935390532,-20.482704649877917,14.828604198573649
1.5190000000000003,-12.097843731205353,-76.98489999999887,169.77699360060384,-20.53107355731812,14.843383586958154
1.5240000000000002,-12.097830018916799,-76.98489999999886,169.79101345574767,-20.578999317974883,14.858027569381056
1.5290000000000004,-12.097816430421997,-76.98489999999886,169.80490891933678,-20.626481931848232,14.872536145842354
1.5340000000000003,-12.097802965720954,-76.98489999999886,169.81867999137125,-20.673521398938153,14.886909316342052
1.5390000000000004,-12.097789624813668,-76.98489999999885,169.832326671851,-20.72011771924464,14.901147080880145
1.5440000000000003,-12.097776407700142,-76.98489999999885,169.84584896077615,-20.766270892767714,14.915249439456638
1.5490000000000004,-12.097763314380375,-76.98489999999887,169.85924685814663,-20.811980919507363,14.929216392071531
1.5540000000000003,-12.097750344854362,-76.98489999999885,169.87252036396237,-20.857247799463572,14.943047938724817
1.5590000000000004,-12.09773749912211,-76.98489999999885,169.88566947822346,-20.902071532636366,14.956744079416506
1.5640000000000003,-12.097724777183616,-76.98489999999886,169.89869420092992,-20.94645211902574,14.970304814146592
1.5690000000000004,-12.09771217903888,-76.98489999999885,169.9115945320816,-20.990389558631684,14.983730142915071
1.5740000000000003,-12.097699704687898,-76.98489999999885,169.9243704716787,-21.0338838514542,14.997020065721953
1.5790000000000004,-12.097687354130677,-76.98489999999885,169.93702201972107,-21.07693499749329,15.010174582567231
1.5840000000000003,-12.097675127367213,-76.98489999999885,169.94954917620876,-21.11954299674895,15.023193693450905
1.5890000000000004,-12.097663024397505,-76.98489999999883,169.9619519411418,-21.161707849221198,15.036077398372978
1.5940000000000003,-12.09765104522156,-76.98489999999885,169.97423031452018,-21.203429554910016,15.048825697333452
1.5990000000000004,-12.097639189839372,-76.98489999999885,169.98638429634389,-21.24470811381541,15.06143859033232
1.6040000000000003,-12.097627458250939,-76.98489999999885,169.9984138866129,-21.28554352593737,15.073916077369589
1.6090000000000002,-12.097615850456265,-76.98489999999885,170.01031908532724,-21.325935791275906,15.086258158445254
1.6140000000000003,-12.097604366455348,-76.98489999999885,170.02209989248686,-21.365884909831024,15.098464833559314
1.6190000000000002,-12.097593006248186,-76.98489999999883,170.03375630809182,-21.405390881602717,15.110536102711773
1.6240000000000003,-12.097581769834784,-76.98489999999882,170.04528833214212,-21.444453706590977,15.122471965902632
1.6290000000000002,-12.097570657215142,-76.98489999999883,170.05669596463778,-21.483073384795816,15.134272423131888
1.6340000000000003,-12.097559668389257,-76.98489999999883,170.06797920557872,-21.521249916217233,15.145937474399545
1.6390000000000002,-12.09754880335713,-76.98489999999883,170.079138054965,-21.558983300855218,15.157467119705593
1.6440000000000003,-12.097538062118762,-76.98489999999883,170.09017251279664,-21.596273538709784,15.168861359050046
1.6490000000000002,-12.097527444674153,-76.98489999999885,170.1010825790736,-21.633120629780922,15.180120192432895
1.6540000000000004,-12.097516951023294,-76.98489999999882,170.11186825379576,-21.66952457406863,15.191243619854138
1.6590000000000003,-12.097506581166199,-76.98489999999883,170.12252953696336,-21.70548537157292,15.20223164131378
1.6640000000000004,-12.09749633510286,-76.98489999999882,170.13306642857626,-21.741003022293786,15.213084256811822
1.6690000000000003,-12.097486212833282,-76.98489999999882,170.14347892863447,-21.776077526231216,15.223801466348261
1.6740000000000004,-12.097476214357458,-76.98489999999882,170.15376703713804,-21.81070888338523,15.234383269923098
1.6790000000000003,-12.097466339675394,-76.98489999999882,170.16393075408692,-21.84489709375582,15.244829667536333
1.6840000000000004,-12.09745658878709,-76.98489999999883,170.1739700794811,-21.878642157342977,15.255140659187967
1.6890000000000003,-12.09744696169254,-76.98489999999882,170.1838850133206,-21.911944074146717,15.265316244877996
1.6940000000000004,-12.097437458391749,-76.98489999999882,170.19367555560544,-21.94480284416703,15.275356424606423
1.6990000000000003,-12.097428078884715,-76.98489999999882,170.20334170633564,-21.977218467403908,15.28526119837325
1.7040000000000004,-12.097418823171438,-76.9848999999988,170.2128834655111,-22.009190943857366,15.29503056617847
1.7090000000000003,-12.09740969125192,-76.9848999999988,170.2223008331319,-22.040720273527402,15.304664528022093
1.7140000000000004,-12.097400683126164,-76.98489999999882,170.23159380919807,-22.071806456414013,15.314163083904115
1.7190000000000003,-12.097391798794163,-76.98489999999882,170.24076239370953,-22.1024494925172,15.323526233824532
1.7240000000000004,-12.097383038255918,-76.98489999999882,170.24980658666635,-22.132649381836956,15.332753977783348
1.7290000000000003,-12.097374401511432,-76.98489999999882,170.25872638806845,-22.162406124373287,15.34184631578056
1.7340000000000004,-12.097365888560702,-76.9848999999988,170.26752179791586,-22.191719720126198,15.35080324781617
1.7390000000000003,-12.097357499403733,-76.9848999999988,170.27619281620863,-22.22059016909568,15.359624773890177
1.7440000000000004,-12.09734923404052,-76.9848999999988,170.28473944294672,-22.249017471281736,15.368310894002583
1.7490000000000003,-12.097341092471066,-76.9848999999988,170.29316167813013,-22.277001626684367,15.376861608153389
1.7540000000000004,-12.097333074695369,-76.9848999999988,170.3014595217589,-22.304542635303577,15.385276916342589
1.7590000000000003,-12.09732518071343,-76.98489999999879,170.30963297383295,-22.331640497139354,15.393556818570188
1.7640000000000002,-12.097317410525248,-76.98489999999879,170.31768203435232,-22.358295212191713,15.401701314836185
1.7690000000000003,-12.097309764130829,-76.98489999999882,170.32560670331705,-22.384506780460647,15.409710405140586
1.7740000000000002,-12.097302241530164,-76.98489999999882,170.3334069807271,-22.410275201946153,15.417584089483379
1.7790000000000004,-12.097294842723255,-76.9848999999988,170.34108286658244,-22.435600476648233,15.425322367864567
1.7840000000000003,-12.097287567710103,-76.98489999999879,170.3486343608831,-22.460482604566888,15.432925240284154
1.7890000000000004,-12.097280416490708,-76.98489999999877,170.35606146362903,-22.48492158570211,15.440392706742138
1.7940000000000003,-12.097273389065075,-76.98489999999877,170.36336417482042,-22.508917420053912,15.447724767238526
1.7990000000000004,-12.097266485433204,-76.9848999999988,170.37054249445708,-22.532470107622302,15.454921421773312
1.8040000000000003,-12.097259705595086,-76.9848999999988,170.37759642253909,-22.555579648407257,15.46198267034649
1.8090000000000004,-12.097253049550725,-76.9848999999988,170.38452595906637,-22.578246042408782,15.46890851295807
1.8140000000000003,-12.097246517300123,-76.9848999999988,170.391331104039,-22.60046928962689,15.475698949608045
1.8190000000000004,-12.097240108843277,-76.9848999999988,170.39801185745694,-22.62224939006157,15.48235398029642
1.8240000000000003,-12.09723382418019,-76.98489999999879,170.4045682193202,-22.643586343712816,15.488873605023192
1.8290000000000004,-12.09722766331086,-76.98489999999879,170.4110001896288,-22.664480150580644,15.49525782378836
1.8340000000000003,-12.097221626235289,-76.98489999999879,170.4173077683827,-22.684930810665044,15.501506636591923
1.8390000000000004,-12.097215712953474,-76.98489999999879,170.42349095558197,-22.704938323966026,15.507620043433892
1.8440000000000003,-12.097209923465421,-76.98489999999879,170.42954975122655,-22.724502690483572,15.513598044314257
1.8490000000000004,-12.097204257771127,-76.98489999999882,170.4354841553165,-22.743623910217703,15.519440639233018
1.8540000000000003,-12.097198715870585,-76.98489999999879,170.4412941678517,-22.762301983168403,15.525147828190176
1.8590000000000004,-12.097193297763802,-76.98489999999879,170.44697978883218,-22.78053690933568,15.530719611185727
1.8640000000000003,-12.097188003450778,-76.98489999999879,170.45254101825807,-22.79832868871953,15.536155988219685
1.8690000000000004,-12.097182832931512,-76.98489999999877,170.45797785612928,-22.815677321319953,15.541456959292034
1.8740000000000003,-12.097177786206004,-76.98489999999879,170.46329030244578,-22.83258280713695,15.546622524402785
1.8790000000000004,-12.097172863274254,-76.98489999999879,170.46847835720763,-22.849045146170532,15.551652683551934
1.8840000000000003,-12.097168064136262,-76.98489999999879,170.47354202041478,-22.865064338420677,15.55654743673948
1.8890000000000005,-12.097163388792026,-76.98489999999879,170.47848129206727,-22.8806403838874,15.561306783965422
1.8940000000000003,-12.097158837241551,-76.98489999999879,170.48329617216513,-22.895773282570705,15.565930725229766
1.8990000000000005,-12.09715440948483,-76.98489999999879,170.48798666070823,-22.910463034470574,15.570419260532503
1.9040000000000004,-12.09715010552187,-76.98489999999879,170.49255275769667,-22.92470963958702,15.57477238987364
1.9090000000000005,-12.097145925352667,-76.98489999999876,170.49699446313045,-22.938513097920044,15.578990113253173
1.9140000000000004,-12.097141868977221,-76.98489999999877,170.50131177700956,-22.95187340946964,15.583072430671105
1.9190000000000005,-12.097137936395534,-76.98489999999879,170.50550469933404,-22.964790574235817,15.587019342127439
1.9240000000000004,-12.097134127607603,-76.98489999999877,170.50957323010377,-22.97726459221856,15.590830847622167
1.9290000000000003,-12.097130442613432,-76.98489999999879,170.5135173693189,-22.989295463417886,15.594506947155294
1.9340000000000004,-12.09712688141302,-76.98489999999879,170.51733711697926,-23.000883187833786,15.598047640726818
1.9390000000000003,-12.097123444006364,-76.98489999999879,170.52103247308503,-23.012027765466257,15.60145292833674
1.9440000000000004,-12.097120130393463,-76.98489999999879,170.52460343763607,-23.0227291963153,15.60472280998506
1.9490000000000003,-12.097116940574324,-76.98489999999879,170.52805001063246,-23.032987480380918,15.607857285671775
1.9540000000000004,-12.097113874548938,-76.98489999999876,170.53137219207412,-23.04280261766311,15.610856355396887
1.9590000000000003,-12.097110932317316,-76.98489999999877,170.53456998196114,-23.05217460816188,15.6137200191604
1.9640000000000004,-12.09710811387945,-76.98489999999879,170.53764338029353,-23.061103451877234,15.616448276962316
1.9690000000000003,-12.097105419235342,-76.98489999999879,170.5405923870712,-23.06958914880915,15.619041128802623
1.9740000000000004,-12.09710284838499,-76.98489999999879,170.54341700229423,-23.077631698957646,15.62149857468133
1.9790000000000003,-12.0971004013284,-76.98489999999879,170.54611722596255,-23.085231102322712,15.623820614598435
1.9840000000000004,-12.09709807806556,-76.98489999999879,170.5486930580762,-23.092387358904357,15.626007248553936
1.9890000000000003,-12.097095878596482,-76.98489999999879,170.55114449863515,-23.099100468702574,15.628058476547835
1.9940000000000004,-12.097093802921162,-76.98489999999876,170.55347154763945,-23.10537043171736,15.629974298580132
1.9990000000000003,-12.0970918510396,-76.98489999999877,170.55567420508905,-23.11119724794873,15.631754714650828
2.0040000000000004,-12.097090022951797,-76.98489999999877,170.557752470984,-23.11658091739668,15.633399724759922
2.0090000000000003,-12.097088318657752,-76.98489999999877,170.5597063453243,-23.121521440061194,15.634909328907414
2.0140000000000002,-12.097086738157465,-76.98489999999879,170.56153582810987,-23.126018815942285,15.636283527093305
2.0190000000000006,-12.097085281450934,-76.98489999999879,170.56324091934079,-23.130073045039953,15.63752231931759
2.0240000000000005,-12.09708394853816,-76.98489999999877,170.56482161901704,-23.133684127354194,15.638625705580276
2.0290000000000004,-12.097082739419145,-76.98489999999877,170.56627792713857,-23.136852062885005,15.639593685881355
2.0340000000000003,-12.097081654093888,-76.98489999999877,170.5676098437055,-23.139576851632402,15.640426260220838
2.0390000000000006,-12.09708069256239,-76.98489999999879,170.5688173687177,-23.141858493596366,15.641123428598718
2.0440000000000005,-12.097079854824647,-76.98489999999877,170.56990050217524,-23.143696988776902,15.641685191014991
2.0490000000000004,-12.097079140880664,-76.98489999999877,170.5708592440781,-23.14509233717402,15.642111547469666
2.0540000000000003,-12.097078550730439,-76.98489999999879,170.5716935944263,-23.14604453878771,15.642402497962737
2.0590000000000006,-12.097078084373974,-76.98489999999879,170.57240355321983,-23.146553593617973,15.642558042494208
2.0640000000000005,-12.097077741811262,-76.98489999999879,170.57298912045866,-23.146619501664816,15.642578181064076
2.0690000000000004,-12.097077523042309,-76.98489999999877,170.5734502961428,-23.146242262928226,15.642462913672341
2.0740000000000003,-12.097077428067115,-76.98489999999877,170.5737870802723,-23.14542187740821,15.642212240319003
2.0790000000000006,-12.097077456885678,-76.98489999999877,170.5739994728471,-23.144158345104778,15.641826161004063
2.0840000000000005,-12.097077609498003,-76.98489999999877,170.57408747386722,-23.142451666017916,15.641304675727524
2.0890000000000004,-12.09707788590408,-76.98489999999877,170.57405108333268,-23.14030184014762,15.64064778448938
2.0940000000000003,-12.097078286103917,-76.98489999999877,170.57389030124347,-23.137708867493913,15.639855487289635
2.099,-12.097078810097514,-76.98489999999877,170.57360512759956,-23.13467274805678,15.638927784128287
2.1040000000000005,-12.097079457884867,-76.98489999999877,170.57319556240103,-23.131193481836217,15.63786467500534
2.1090000000000004,-12.097080229465977,-76.98489999999877,170.57266160564777,-23.127271068832222,15.636666159920784
2.1140000000000003,-12.097081124840845,-76.98489999999879,170.57200325733984,-23.122905509044813,15.63533223887463
2.119,-12.097082144009471,-76.98489999999876,170.57122051747723,-23.11809680247397,15.633862911866874
2.1240000000000006,-12.09708328697186,-76.98489999999877,170.57031338605998,-23.112844949119705,15.632258178897517
2.1290000000000004,-12.097084553728,-76.98489999999877,170.56928186308804,-23.10714994898202,15.630518039966555
2.1340000000000003,-12.0970859442779,-76.98489999999879,170.56812594856143,-23.101011802060906,15.628642495073992
2.1390000000000002,-12.097087458621559,-76.98489999999879,170.5668456424801,-23.094430508356364,15.62663154421983
2.1440000000000006,-12.097089096758973,-76.98489999999877,170.5654409448441,-23.087406067868393,15.624485187404058
2.1490000000000005,-12.097090858690144,-76.98489999999876,170.56391185565346,-23.079938480597,15.622203424626688
2.1540000000000004,-12.097092744415079,-76.98489999999879,170.56225837490814,-23.07202774654219,15.619786255887718
2.1590000000000003,-12.097094753933769,-76.98489999999879,170.56048050260813,-23.06367386570395,15.617233681187146
2.1640000000000006,-12.097096887246215,-76.98489999999877,170.55857823875346,-23.05487683808228,15.614545700524967
2.1690000000000005,-12.09709914435242,-76.98489999999877,170.55655158334412,-23.04563666367719,15.611722313901192
2.1740000000000004,-12.097101525252384,-76.98489999999879,170.5544005363801,-23.035953342488668,15.608763521315812
2.1790000000000003,-12.097104029946104,-76.98489999999879,170.55212509786136,-23.025826874516724,15.605669322768826
2.1840000000000006,-12.097106658433583,-76.98489999999879,170.549725267788,-23.01525725976136,15.602439718260245
2.1890000000000005,-12.097109410714818,-76.98489999999877,170.54720104615996,-23.004244498222565,15.599074707790056
2.1940000000000004,-12.097112286789814,-76.98489999999879,170.5445524329772,-22.99278858990035,15.595574291358268
2.1990000000000003,-12.097115286658566,-76.98489999999879,170.5417794282398,-22.980889534794702,15.591938468964877
2.2040000000000006,-12.097118410321077,-76.98489999999879,170.5388820319477,-22.968547332905633,15.588167240609883
2.2090000000000005,-12.097121657777343,-76.98489999999879,170.53586024410095,-22.95576198423314,15.584260606293288
2.2140000000000004,-12.097125029027369,-76.98489999999877,170.5327140646995,-22.942533488777222,15.58021856601509
2.2190000000000003,-12.097128524071154,-76.98489999999879,170.5294434937434,-22.928861846537878,15.576041119775292
2.2240000000000006,-12.097132142908698,-76.98489999999879,170.52604853123262,-22.914747057515108,15.571728267573889
2.2290000000000005,-12.097135885539995,-76.9848999999988,170.52252917716714,-22.90018912170891,15.567280009410885
2.2340000000000004,-12.097139751965052,-76.98489999999879,170.51888543154703,-22.88518803911929,15.562696345286279
2.2390000000000003,-12.097143742183865,-76.98489999999879,170.51511729437217,-22.869743809746243,15.55797727520007
2.244,-12.09714785619644,-76.98489999999879,170.51122476564268,-22.85385643358977,15.553122799152257
2.2490000000000006,-12.097152094002771,-76.98489999999879,170.5072078453585,-22.837525910649873,15.548132917142846
2.2540000000000004,-12.09715645560286,-76.9848999999988,170.5030665335197,-22.820752240926552,15.543007629171832
2.2590000000000003,-12.097160940996707,-76.98489999999879,170.49880083012619,-22.803535424419806,15.537746935239214
2.2640000000000002,-12.097165550184311,-76.98489999999879,170.49441073517795,-22.785875461129628,15.532350835344992
2.2690000000000006,-12.097170283165672,-76.98489999999879,170.4898962486751,-22.76777235105603,15.526819329489172
2.2740000000000005,-12.097175139940793,-76.98489999999879,170.48525737061755,-22.74922609419901,15.521152417671749
2.2790000000000004,-12.09718012050967,-76.98489999999879,170.48049410100532,-22.730236690558563,15.515350099892723
2.2840000000000003,-12.097185224872305,-76.98489999999879,170.47560643983843,-22.71080414013469,15.509412376152095
2.2890000000000006,-12.0971904530287,-76.98489999999879,170.47059438711685,-22.69092844292739,15.503339246449865
2.2940000000000005,-12.09719580497885,-76.98489999999879,170.4654579428406,-22.670609598936664,15.497130710786035
2.2990000000000004,-12.09720128072276,-76.98489999999879,170.4601971070097,-22.649847608162514,15.490786769160596
2.3040000000000003,-12.09720688026043,-76.9848999999988,170.4548118796241,-22.62864247060494,15.484307421573563
2.3090000000000006,-12.097212603591853,-76.98489999999879,170.4493022606838,-22.606994186263933,15.477692668024922
2.3140000000000005,-12.097218450717035,-76.98489999999879,170.44366825018884,-22.58490275513951,15.470942508514678
2.3190000000000004,-12.097224421635977,-76.98489999999879,170.4379098481392,-22.56236817723166,15.464056943042838
2.3240000000000003,-12.097230516348676,-76.9848999999988,170.43202705453496,-22.53939045254039,15.457035971609393
2.3290000000000006,-12.097236734855134,-76.9848999999988,170.42601986937598,-22.515969581065686,15.449879594214348
2.3340000000000005,-12.097243077155346,-76.9848999999988,170.4198882926623,-22.49210556280756,15.442587810857697
2.3390000000000004,-12.097249543249317,-76.98489999999879,170.41363232439394,-22.46779839776601,15.435160621539442
2.3440000000000003,-12.097256133137046,-76.98489999999879,170.40725196457095,-22.44304808594103,15.42759802625959
2.3490000000000006,-12.097262846818534,-76.9848999999988,170.40074721319326,-22.41785462733262,15.419900025018132
2.3540000000000005,-12.097269684293781,-76.9848999999988,170.39411807026093,-22.3922180219408,15.412066617815077
2.3590000000000004,-12.097276645562786,-76.9848999999988,170.38736453577388,-22.366138269765546,15.404097804650416
2.3640000000000003,-12.097283730625545,-76.9848999999988,170.38048660973217,-22.339615370806865,15.395993585524153
2.3690000000000007,-12.097290939482065,-76.9848999999988,170.3734842921358,-22.312649325064765,15.387753960436287
2.3740000000000006,-12.097298272132342,-76.9848999999988,170.36635758298473,-22.285240132539233,15.37937892938682
2.3790000000000004,-12.097305728576377,-76.9848999999988,170.359106482279,-22.257387793230283,15.370868492375752
2.3840000000000003,-12.097313308814169,-76.9848999999988,170.35173099001858,-22.229092307137904,15.36222264940308
2.3890000000000007,-12.097321012845722,-76.98489999999882,170.3442311062035,-22.200353674262097,15.353441400468807
2.3940000000000006,-12.09732884067103,-76.98489999999882,170.33660683083372,-22.171171894602868,15.34452474557293
2.3990000000000005,-12.097336792290097,-76.98489999999882,170.32885816390927,-22.141546968160206,15.335472684715452
2.4040000000000004,-12.09734486770292,-76.98489999999882,170.32098510543017,-22.11147889493413,15.326285217896373
2.4090000000000003,-12.097353066909506,-76.98489999999882,170.31298765539637,-22.08096767492463,15.31696234511569
2.4140000000000006,-12.097361389909842,-76.9848999999988,170.30486581380788,-22.05001330813169,15.307504066373403
2.4190000000000005,-12.09736983670394,-76.9848999999988,170.29661958066475,-22.01861579455533,15.297910381669517
2.4240000000000004,-12.097378407291796,-76.98489999999882,170.28824895596694,-21.986775134195558,15.28818129100403
2.4290000000000003,-12.09738710167341,-76.98489999999883,170.27975393971445,-21.954491327052352,15.278316794376941
2.4340000000000006,-12.097395919848783,-76.98489999999883,170.27113453190728,-21.921764373125715,15.268316891788247
2.4390000000000005,-12.09740486181791,-76.98489999999882,170.26239073254544,-21.888594272415656,15.258181583237949
2.4440000000000004,-12.097413927580796,-76.98489999999882,170.25352254162888,-21.85498102492217,15.247910868726052
2.4490000000000003,-12.097423117137442,-76.98489999999882,170.24452995915772,-21.820924630645266,15.237504748252555
2.4540000000000006,-12.097432430487846,-76.98489999999883,170.23541298513186,-21.786425089584935,15.226963221817455
2.4590000000000005,-12.097441867632007,-76.98489999999883,170.22617161955128,-21.75148240174117,15.216286289420749
2.4640000000000004,-12.097451428569924,-76.98489999999883,170.21680586241604,-21.716096567113993,15.205473951062443
2.4690000000000003,-12.097461113301602,-76.98489999999883,170.20731571372616,-21.68026758570338,15.194526206742534
2.4740000000000006,-12.097470921827036,-76.98489999999882,170.19770117348156,-21.64399545750934,15.183443056461021
2.4790000000000005,-12.097480854146227,-76.98489999999882,170.1879622416823,-21.607280182531884,15.17222450021791
2.4840000000000004,-12.097490910259177,-76.98489999999883,170.17809891832837,-21.570121760770995,15.160870538013194
2.4890000000000003,-12.097501090165885,-76.98489999999883,170.16811120341978,-21.53252019222669,15.14938116984688
2.4940000000000007,-12.097511393866348,-76.98489999999883,170.1579990969565,-21.494475476898952,15.13775639571896
2.4990000000000006,-12.097521821360573,-76.98489999999883,170.14776259893853,-21.45598761478779,15.12599621562944
2.5040000000000004,-12.097532372648557,-76.98489999999883,170.13740170936592,-21.417056605893208,15.114100629578317
2.5090000000000003,-12.097543047730294,-76.98489999999883,170.12691642823862,-21.37768245021519,15.102069637565588
2.5140000000000007,-12.09755384660579,-76.98489999999883,170.1163067555566,-21.337865147753753,15.089903239591258
2.5190000000000006,-12.097564769275046,-76.98489999999885,170.10557269131996,-21.297604698508895,15.077601435655332
2.5240000000000005,-12.097575815738058,-76.98489999999883,170.0947142355286,-21.256901102480604,15.0651642257578
2.5290000000000004,-12.09758698599483,-76.98489999999885,170.08373138818263,-21.215754359668892,15.052591609898665
2.5340000000000007,-12.097598280045357,-76.98489999999885,170.07262414928192,-21.174164470073748,15.039883588077927
2.5390000000000006,-12.097609697889645,-76.98489999999885,170.06139251882658,-21.132131433695193,15.02704016029559
2.5440000000000005,-12.097621239527687,-76.98489999999885,170.05003649681652,-21.0896552505332,15.014061326551648
2.5490000000000004,-12.09763290495949,-76.98489999999885,170.03855608325182,-21.04673592058779,15.000947086846107
2.5540000000000007,-12.09764469418505,-76.98489999999885,170.02695127813243,-21.003373443858948,14.98769744117896
2.5590000000000006,-12.097656607204367,-76.98489999999885,170.01522208145835,-20.95956782034668,14.974312389550212
2.5640000000000005,-12.097668644017444,-76.98489999999886,170.00336849322963,-20.915319050050993,14.960791931959864
2.5690000000000004,-12.097680804624277,-76.98489999999886,169.99139051344622,-20.87062713297188,14.94713606840791
2.5740000000000003,-12.097693089024869,-76.98489999999886,169.97928814210812,-20.82549206910934,14.933344798894359
2.5790000000000006,-12.097705497219216,-76.98489999999885,169.96706137921535,-20.779913858463367,14.9194181234192
2.5840000000000005,-12.097718029207325,-76.98489999999886,169.9547102247679,-20.73389250103398,14.905356041982444
2.5890000000000004,-12.09773068498919,-76.98489999999886,169.94223467876577,-20.687427996821167,14.891158554584086
2.5940000000000003,-12.097743464564811,-76.98489999999886,169.929634741209,-20.640520345824925,14.876825661224121
2.5990000000000006,-12.097756367934192,-76.98489999999887,169.91691041209754,-20.593169548045253,14.862357361902557
2.6040000000000005,-12.09776939509733,-76.98489999999887,169.90406169143137,-20.54537560348216,14.84775365661939
2.6090000000000004,-12.097782546054226,-76.98489999999886,169.89108857921053,-20.497138512135642,14.833014545374619
2.6140000000000003,-12.09779582080488,-76.98489999999887,169.87799107543503,-20.448458274005702,14.818140028168246
2.6190000000000007,-12.097809219349292,-76.98489999999887,169.86476918010484,-20.39933488909233,14.803130105000276
2.6240000000000006,-12.097822741687466,-76.98489999999887,169.85142289322005,-20.34976835739554,14.7879847758707
2.6290000000000004,-12.097836387819392,-76.98489999999887,169.8379522147805,-20.299758678915317,14.772704040779521
2.6340000000000003,-12.097850157745075,-76.98489999999887,169.8243571447863,-20.249305853651677,14.757287899726743
2.6390000000000007,-12.09786405146452,-76.98489999999887,169.81063768323742,-20.198409881604608,14.741736352712362
2.6440000000000006,-12.097878068977721,-76.98489999999887,169.79679383013382,-20.14707076277411,14.726049399736375
2.6490000000000005,-12.09789221028468,-76.98489999999887,169.78282558547562,-20.095288497160194,14.710227040798792
2.6540000000000004,-12.097906475385397,-76.98489999999889,169.76873294926273,-20.04306308476285,14.694269275899602
2.6590000000000007,-12.097920864279871,-76.98489999999889,169.75451592149514,-19.990394525582076,14.67817610503881
2.6640000000000006,-12.097935376968103,-76.98489999999889,169.74017450217286,-19.937282819617877,14.661947528216418
2.6690000000000005,-12.097950013450095,-76.98489999999889,169.72570869129595,-19.883727966870264,14.645583545432425
2.6740000000000004,-12.097964773725845,-76.9848999999989,169.71111848886437,-19.82972996733922,14.629084156686828
2.6790000000000007,-12.09797965779535,-76.98489999999887,169.69640389487807,-19.775288821024738,14.612449361979625
2.6840000000000006,-12.09799466565861,-76.98489999999887,169.68156490933708,-19.720404527926846,14.595679161310823
2.6890000000000005,-12.098009797315635,-76.9848999999989,169.6666015322415,-19.66507708804553,14.578773554680422
2.6940000000000004,-12.098025052766413,-76.9848999999989,169.65151376359114,-19.60930650138077,14.561732542088414
2.6990000000000007,-12.098040432010952,-76.9848999999989,169.6363016033862,-19.5530927679326,14.544556123534807
2.7040000000000006,-12.09805593504925,-76.9848999999989,169.6209650516265,-19.496435887701008,14.527244299019596
2.7090000000000005,-12.098071561881302,-76.9848999999989,169.60550410831215,-19.43933586068598,14.509797068542783
2.7140000000000004,-12.098087312507111,-76.9848999999989,169.58991877344315,-19.381792686887536,14.49221443210437
2.7190000000000007,-12.09810318692668,-76.9848999999989,169.57420904701945,-19.323806366305654,14.474496389704349
2.7240000000000006,-12.098119185140009,-76.9848999999989,169.55837492904112,-19.26537689894036,14.456642941342734
2.7290000000000005,-12.098135307147093,-76.9848999999989,169.54241641950804,-19.206504284791638,14.438654087019511
2.7340000000000004,-12.098151552947934,-76.9848999999989,169.5263335184203,-19.147188523859484,14.420529826734686
2.7390000000000003,-12.098167922542535,-76.9848999999989,169.51012622577795,-19.08742961614391,14.402270160488266
2.7440000000000007,-12.098184415930895,-76.9848999999989,169.49379454158085,-19.02722756164491,14.383875088280236
2.7490000000000006,-12.09820103311301,-76.98489999999892,169.47733846582912,-18.966582360362487,14.365344610110608
2.7540000000000004,-12.098217774088887,-76.98489999999893,169.46075799852272,-18.90549401229664,14.346678725979377
2.7590000000000003,-12.098234638858514,-76.98489999999892,169.44405313966158,-18.84396251744736,14.32787743588654
2.7640000000000007,-12.098251627421906,-76.98489999999893,169.42722388924582,-18.78198787581465,14.308940739832105
2.7690000000000006,-12.098268739779051,-76.98489999999892,169.41027024727538,-18.719570087398527,14.289868637816065
2.7740000000000005,-12.09828597592996,-76.98489999999893,169.39319221375027,-18.656709152198978,14.270661129838428
2.7790000000000004,-12.098303335874622,-76.98489999999893,169.37598978867044,-18.593405070216,14.251318215899182
2.7840000000000007,-12.098320819613043,-76.98489999999893,169.35866297203597,-18.529657841449595,14.231839895998336
2.7890000000000006,-12.098338427145222,-76.98489999999893,169.34121176384681,-18.465467465899767,14.21222617013589
2.7940000000000005,-12.098356158471159,-76.98489999999893,169.323636164103,-18.40083394356651,14.19247703831184
2.7990000000000004,-12.098374013590856,-76.98489999999893,169.30593617280448,-18.33575727444984,14.17259250052619
2.8040000000000007,-12.098391992504308,-76.98489999999894,169.28811178995133,-18.27023745854973,14.152572556778935
2.8090000000000006,-12.098410095211516,-76.98489999999893,169.27016301554346,-18.2042744958662,14.132417207070079
2.8140000000000005,-12.098428321712484,-76.98489999999894,169.25208984958093,-18.137868386399248,14.112126451399622
2.8190000000000004,-12.09844667200721,-76.98489999999893,169.2338922920637,-18.07101913014887,14.09170028976756
2.8240000000000007,-12.098465146095696,-76.98489999999896,169.21557034299187,-18.003726727115065,14.071138722173899
2.8290000000000006,-12.098483743977937,-76.98489999999896,169.19712400236529,-17.93599117729783,14.050441748618633
2.8340000000000005,-12.098502465653937,-76.98489999999894,169.17855327018407,-17.86781248069718,14.029609369101768
2.8390000000000004,-12.098521311123694,-76.98489999999896,169.15985814644813,-17.799190637313096,14.008641583623298
2.8440000000000007,-12.098540280387208,-76.98489999999896,169.14103863115756,-17.730125647145584,13.987538392183225
2.8490000000000006,-12.098559373444482,-76.98489999999896,169.12209472431232,-17.660617510194662,13.966299794781555
2.8540000000000005,-12.098578590295514,-76.98489999999896,169.1030264259124,-17.5906662264603,13.94492579141828
2.8590000000000004,-12.098597930940304,-76.98489999999896,169.08383373595774,-17.52027179594252,13.923416382093404
2.8640000000000008,-12.098617395378849,-76.98489999999896,169.06451665444848,-17.44943421864131,13.901771566806921
2.8690000000000007,-12.098636983611154,-76.98489999999896,169.0450751813845,-17.378153494556678,13.879991345558839
2.8740000000000006,-12.098656695637217,-76.98489999999896,169.02550931676586,-17.306429623688622,13.858075718349156
2.8790000000000004,-12.098676531457038,-76.98489999999896,169.00581906059253,-17.234262606037134,13.83602468517787
2.884000000000001,-12.098696491070614,-76.98489999999896,168.98600441286453,-17.161652441602232,13.813838246044982
2.8890000000000007,-12.098716574477951,-76.98489999999899,168.9660653735819,-17.088599130383894,13.79151640095049
2.8940000000000006,-12.098736781679044,-76.98489999999899,168.94600194274454,-17.015102672382138,13.769059149894398
2.8990000000000005,-12.098757112673898,-76.98489999999899,168.92581412035253,-16.941163067596953,13.746466492876705
2.9040000000000004,-12.098777567462507,-76.98489999999899,168.90550190640585,-16.866780316028347,13.72373842989741
2.9090000000000007,-12.098798146044873,-76.98489999999899,168.88506530090444,-16.79195441767631,13.700874960956506
2.9140000000000006,-12.098818848420999,-76.98489999999899,168.8645043038484,-16.716685372540848,13.677876086054004
2.9190000000000005,-12.09883967459088,-76.98489999999899,168.84381891523768,-16.640973180621963,13.654741805189902
2.9240000000000004,-12.098860624554526,-76.98489999999902,168.8230091350723,-16.564817841919655,13.6314721183642
2.9290000000000007,-12.09888169831192,-76.98489999999899,168.80207496335223,-16.48821935643391,13.608067025576888
2.9340000000000006,-12.098902895863077,-76.98489999999899,168.78101640007745,-16.41117772416475,13.584526526827979
2.9390000000000005,-12.098924217207994,-76.984899999999,168.75983344524803,-16.33369294511217,13.560850622117467
2.9440000000000004,-12.098945662346665,-76.98489999999899,168.73852609886393,-16.255765019276154,13.537039311445351
2.9490000000000007,-12.098967231279095,-76.98489999999902,168.71709436092516,-16.177393946656714,13.513092594811635
2.9540000000000006,-12.098988924005283,-76.98489999999902,168.69553823143173,-16.098579727253853,13.489010472216314
2.9590000000000005,-12.09901074052523,-76.98489999999902,168.67385771038357,-16.019322361067566,13.464792943659395
2.9640000000000004,-12.099032680838935,-76.98489999999902,168.6520527977808,-15.939621848097858,13.440440009140874
2.9690000000000007,-12.099054744946397,-76.98489999999902,168.6301234936233,-15.85947818834471,13.415951668660746
2.9740000000000006,-12.099076932847616,-76.98489999999902,168.60806979791118,-15.778891381808155,13.391327922219022
2.9790000000000005,-12.09909924454259,-76.98489999999902,168.5858917106443,-15.69786142848816,13.366568769815688
2.9840000000000004,-12.099121680031327,-76.98489999999903,168.56358923182282,-15.616388328384751,13.341674211450758
2.9890000000000008,-12.099144239313823,-76.98489999999904,168.54116236144665,-15.53447208149791,13.316644247124225
2.9940000000000007,-12.099166922390072,-76.98489999999904,168.51861109951577,-15.45211268782764,13.29147887683609
2.9990000000000006,-12.099189729260083,-76.98489999999904,168.49593544603027,-15.369310147373955,13.266178100586352
3.0040000000000004,-12.099212659923847,-76.98489999999904,168.47313540099,-15.28606446013684,13.240741918375011
3.009000000000001,-12.099235714381372,-76.98489999999903,168.45021096439513,-15.202375626116297,13.215170330202067
3.0140000000000007,-12.099258892632655,-76.98489999999904,168.42716213624556,-15.118243645312333,13.189463336067522
3.0190000000000006,-12.099282194677695,-76.98489999999904,168.40398891654132,-15.033668517724943,13.163620935971373
3.0240000000000005,-12.099305620516494,-76.98489999999904,168.38069130528243,-14.948650243354127,13.137643129913629
3.029000000000001,-12.099329170149048,-76.98489999999904,168.3572693024688,-14.863188822199877,13.111529917894272
3.0340000000000007,-12.09935284357536,-76.98489999999904,168.33372290810058,-14.777284254262213,13.085281299913323
3.0390000000000006,-12.099376640795434,-76.98489999999904,168.31005212217764,-14.690936539541124,13.058897275970766
3.0440000000000005,-12.099400561809263,-76.98489999999906,168.2862569447,-14.604145678036609,13.032377846066609
3.0490000000000004,-12.099424606616852,-76.98489999999907,168.26233737566773,-14.516911669748666,13.00572301020085
3.0540000000000007,-12.099448775218196,-76.98489999999907,168.23829341508076,-14.42923451467729,12.978932768373486
3.0590000000000006,-12.0994730676133,-76.98489999999907,168.2141250629391,-14.341114212822497,12.952007120584522
3.0640000000000005,-12.09949748380216,-76.98489999999907,168.18983231924278,-14.252550764184287,12.924946066833957
3.0690000000000004,-12.09952202378478,-76.98489999999907,168.1654151839918,-14.163544168762645,12.89774960712179
3.0740000000000007,-12.099546687561155,-76.98489999999907,168.14087365718612,-14.074094426557565,12.870417741448016
3.0790000000000006,-12.099571475131288,-76.98489999999907,168.11620773882578,-13.98420153756907,12.84295046981264
3.0840000000000005,-12.099596386495183,-76.98489999999909,168.09141742891075,-13.893865501797155,12.815347792215668
3.0890000000000004,-12.099621421652834,-76.9848999999991,168.06650272744105,-13.803086319241814,12.787609708657092
3.0940000000000007,-12.099646580604242,-76.9848999999991,168.04146363441671,-13.711863989903033,12.759736219136911
3.0990000000000006,-12.099671863349407,-76.9848999999991,168.01630014983766,-13.620198513780839,12.731727323655129
3.1040000000000005,-12.09969726988833,-76.9848999999991,167.99101227370392,-13.528089890875224,12.703583022211747
3.1090000000000004,-12.099722800221013,-76.9848999999991,167.9656000060155,-13.435538121186173,12.67530331480676
3.1140000000000008,-12.09974845434745,-76.9848999999991,167.94006334677243,-13.3425432047137,12.64688820144017
3.1190000000000007,-12.099774232267649,-76.9848999999991,167.91440229597467,-13.249105141457802,12.618337682111981
3.1240000000000006,-12.099800133981606,-76.98489999999913,167.8886168536223,-13.155223931418483,12.589651756822192
3.1290000000000004,-12.099826159489318,-76.98489999999912,167.86270701971517,-13.060899574595739,12.560830425570796
3.134000000000001,-12.099852308790787,-76.98489999999912,167.8366727942534,-12.966132070989556,12.531873688357795
3.1390000000000007,-12.099878581886017,-76.98489999999912,167.81051417723688,-12.87092142059996,12.502781545183197
3.1440000000000006,-12.099904978775005,-76.98489999999913,167.7842311686658,-12.775267623426942,12.473553996046997
3.1490000000000005,-12.099931499457746,-76.98489999999913,167.75782376854,-12.67917067947049,12.444191040949196
3.154000000000001,-12.09995814393425,-76.98489999999913,167.7312919768595,-12.582630588730611,12.414692679889786
3.1590000000000007,-12.09998491220451,-76.98489999999913,167.70463579362433,-12.485647351207318,12.38505891286878
3.1640000000000006,-12.100011804268528,-76.98489999999913,167.6778552188345,-12.388220966900588,12.35528973988617
3.1690000000000005,-12.100038820126304,-76.98489999999914,167.65095025249,-12.290351435810448,12.32538516094196
3.174000000000001,-12.100065959777837,-76.98489999999913,167.62392089459078,-12.192038757936858,12.295345176036141
3.1790000000000007,-12.100093223223128,-76.98489999999914,167.59676714513694,-12.093282933279863,12.265169785168725
3.1840000000000006,-12.100120610462177,-76.98489999999914,167.5694890041284,-11.994083961839442,12.234858988339706
3.1890000000000005,-12.100148121494986,-76.98489999999916,167.5420864715652,-11.894441843615592,12.204412785549088
3.194000000000001,-12.100175756321551,-76.98489999999916,167.5145595474473,-11.794356578608308,12.173831176796867
3.1990000000000007,-12.100203514941875,-76.98489999999916,167.48690823177475,-11.69382816681761,12.143114162083041
3.2040000000000006,-12.100231397355953,-76.98489999999916,167.4591325245475,-11.592856608243482,12.112261741407615
3.2090000000000005,-12.100259403563793,-76.98489999999916,167.4312324257656,-11.491441902885933,12.081273914770584
3.2140000000000004,-12.100287533565389,-76.98489999999916,167.40320793542895,-11.389584050744961,12.050150682171955
3.2190000000000007,-12.100315787360744,-76.98489999999916,167.3750590535377,-11.287283051820552,12.018892043611718
3.2240000000000006,-12.10034416494986,-76.98489999999919,167.34678578009178,-11.18453890611272,11.987497999089882
3.2290000000000005,-12.100372666332726,-76.98489999999919,167.31838811509115,-11.08135161362147,11.955968548606446
3.2340000000000004,-12.100401291509353,-76.98489999999917,167.28986605853584,-10.977721174346796,11.924303692161406
3.2390000000000008,-12.10043004047974,-76.98489999999919,167.26121961042588,-10.873647588288682,11.89250342975476
3.2440000000000007,-12.100458913243884,-76.98489999999919,167.23244877076124,-10.769130855447155,11.860567761386516
3.2490000000000006,-12.100487909801785,-76.98489999999919,167.20355353954193,-10.6641709758222,11.82849668705667
3.2540000000000004,-12.100517030153444,-76.9848999999992,167.17453391676793,-10.558767949413829,11.796290206765224
3.259000000000001,-12.100546274298862,-76.9848999999992,167.14538990243926,-10.452921776222011,11.76394832051217
3.2640000000000007,-12.100575642238038,-76.98489999999921,167.11612149655588,-10.346632456246784,11.731471028297515
3.2690000000000006,-12.10060513397097,-76.98489999999921,167.08672869911786,-10.239899989488132,11.698858330121263
3.2740000000000005,-12.10063474949766,-76.9848999999992,167.05721151012514,-10.132724375946049,11.666110225983402
3.279000000000001,-12.10066448881811,-76.98489999999921,167.0275699295778,-10.02510561562054,11.633226715883945
3.2840000000000007,-12.100694351932315,-76.98489999999921,166.9978039574757,-9.917043708511608,11.600207799822883
3.2890000000000006,-12.10072433884028,-76.98489999999921,166.967913593819,-9.808538654619257,11.567053477800219
3.2940000000000005,-12.100754449542002,-76.98489999999923,166.93789883860762,-9.699590453943475,11.533763749815954
3.299000000000001,-12.100784684037482,-76.98489999999923,166.9077596918415,-9.59019910648426,11.500338615870083
3.3040000000000007,-12.100815042326719,-76.98489999999923,166.87749615352072,-9.480364612241633,11.466778075962612
3.3090000000000006,-12.100845524409717,-76.98489999999923,166.8471082236453,-9.370086971215574,11.433082130093538
3.3140000000000005,-12.10087613028647,-76.98489999999923,166.8165959022152,-9.259366183406096,11.399250778262864
3.319000000000001,-12.100906859956979,-76.98489999999923,166.78595918923043,-9.148202248813174,11.365284020470586
3.3240000000000007,-12.100937713421253,-76.98489999999926,166.755198084691,-9.036595167436849,11.331181856716709
3.3290000000000006,-12.100968690679277,-76.98489999999924,166.72431258859683,-8.924544939277087,11.296944287001226
3.3340000000000005,-12.100999791731061,-76.98489999999924,166.69330270094804,-8.812051564333904,11.262571311324143
3.339000000000001,-12.101031016576606,-76.98489999999926,166.66216842174452,-8.699115042607284,11.228062929685455
3.3440000000000007,-12.101062365215906,-76.98489999999926,166.63090975098638,-8.585735374097256,11.193419142085169
3.3490000000000006,-12.101093837648964,-76.98489999999927,166.59952668867354,-8.471912558803798,11.15863994852328
3.3540000000000005,-12.101125433875781,-76.98489999999927,166.568019234806,-8.357646596726916,11.123725348999788
3.359000000000001,-12.101157153896356,-76.98489999999927,166.53638738938383,-8.242937487866598,11.08867534351469
3.3640000000000008,-12.101188997710688,-76.98489999999927,166.50463115240697,-8.127785232222863,11.053489932067997
3.3690000000000007,-12.101220965318777,-76.98489999999929,166.47275052387545,-8.0121898297957,11.018169114659699
3.3740000000000006,-12.101253056720623,-76.98489999999927,166.44074550378917,-7.896151280585119,10.982712891289797
3.3790000000000004,-12.101285271916229,-76.98489999999929,166.4086160921483,-7.779669584591108,10.947121261958294
3.384000000000001,-12.101317610905593,-76.98489999999929,166.37636228895272,-7.662744741813661,10.911394226665186
3.3890000000000007,-12.101350073688716,-76.9848999999993,166.34398409420248,-7.5453767522528015,10.87553178541048
3.3940000000000006,-12.101382660265596,-76.9848999999993,166.31148150789755,-7.427565615908518,10.83953393819417
3.3990000000000005,-12.10141537063623,-76.9848999999993,166.27885453003796,-7.309311332780805,10.803400685016259
3.404000000000001,-12.101448204800626,-76.9848999999993,166.2461031606237,-7.190613902869659,10.767132025876743
3.4090000000000007,-12.10148116275878,-76.9848999999993,166.21322739965476,-7.0714733261751,10.730727960775628
3.4140000000000006,-12.101514244510689,-76.98489999999931,166.1802272471311,-6.951889602697113,10.69418848971291
3.4190000000000005,-12.10154745005636,-76.98489999999933,166.14710270305284,-6.831862732435702,10.65751361268859
3.424000000000001,-12.101580779395785,-76.98489999999933,166.11385376741987,-6.711392715390856,10.620703329702666
3.4290000000000007,-12.10161423252897,-76.98489999999933,166.0804804402322,-6.590479551562593,10.583757640755142
3.4340000000000006,-12.101647809455912,-76.98489999999933,166.04698272148988,-6.469123240950903,10.546676545846015
3.4390000000000005,-12.101681510176611,-76.98489999999933,166.01336061119287,-6.347323783555792,10.509460044975286
3.444000000000001,-12.10171533469107,-76.98489999999934,165.97961410934118,-6.225081179377238,10.472108138142953
3.4490000000000007,-12.101749282999284,-76.98489999999933,165.94574321593484,-6.102395428415278,10.434620825349018
3.4540000000000006,-12.101783355101258,-76.98489999999936,165.91174793097383,-5.979266530669888,10.396998106593486
3.4590000000000005,-12.101817550996989,-76.98489999999936,165.8776282544581,-5.855694486141072,10.359239981876348
3.464000000000001,-12.101851870686477,-76.98489999999936,165.8433841863877,-5.731679294828822,10.321346451197606
3.4690000000000007,-12.101886314169727,-76.98489999999936,165.80901572676268,-5.60722095673316,10.283317514557265
3.4740000000000006,-12.10192088144673,-76.98489999999936,165.77452287558293,-5.4823194718540655,10.24515317195532
3.4790000000000005,-12.101955572517493,-76.98489999999936,165.7399056328485,-5.356974840191551,10.206853423391774
3.484000000000001,-12.101990387382013,-76.98489999999936,165.70516399855944,-5.231187061745603,10.168418268866624
3.4890000000000008,-12.102025326040295,-76.98489999999939,165.6702979727157,-5.104956136516234,10.129847708379874
3.4940000000000007,-12.10206038849233,-76.98489999999939,165.63530755531724,-4.9782820645034445,10.091141741931521
3.4990000000000006,-12.102095574738122,-76.98489999999939,165.60019274636414,-4.851164845707229,10.052300369521566
3.504000000000001,-12.102130884777676,-76.98489999999939,165.56495354585633,-4.723604480127577,10.013323591150007
3.509000000000001,-12.102166318610983,-76.98489999999939,165.52958995379387,-4.595600967764508,9.974211406816847
3.5140000000000007,-12.102201876238054,-76.9848999999994,165.49410197017673,-4.467154308618017,9.934963816522087
3.5190000000000006,-12.102237557658878,-76.9848999999994,165.45848959500492,-4.338264502688098,9.895580820265724
3.5240000000000005,-12.102273362873461,-76.9848999999994,165.42275282827842,-4.208931549974755,9.856062418047758
3.529000000000001,-12.102309291881804,-76.9848999999994,165.38689166999725,-4.079155450477977,9.816408609868187
3.5340000000000007,-12.102345344683902,-76.98489999999941,165.35090612016143,-3.948936204197782,9.776619395727018
3.5390000000000006,-12.10238152127976,-76.98489999999943,165.3147961787709,-3.818273811134162,9.736694775624247
3.5440000000000005,-12.102417821669375,-76.98489999999943,165.27856184582572,-3.6871682712871205,9.696634749559873
3.549000000000001,-12.102454245852746,-76.98489999999943,165.24220312132582,-3.5556195846566396,9.656439317533891
3.5540000000000007,-12.102490793829878,-76.98489999999943,165.2057200052713,-3.4236277512427478,9.616108479546316
3.5590000000000006,-12.102527465600765,-76.98489999999944,165.16911249766207,-3.291192771045429,9.575642235597135
3.5640000000000005,-12.102564261165412,-76.98489999999944,165.13238059849817,-3.158314644064678,9.535040585686351
3.569000000000001,-12.102601180523818,-76.98489999999944,165.0955243077796,-3.0249933703004963,9.494303529813964
3.5740000000000007,-12.102638223675978,-76.98489999999944,165.05854362550633,-2.891228949752902,9.453431067979976
3.5790000000000006,-12.102675390621897,-76.98489999999944,165.02143855167841,-2.7570213824218825,9.412423200184387
3.5840000000000005,-12.102712681361574,-76.98489999999944,164.9842090862958,-2.622370668307436,9.371279926427196
3.589000000000001,-12.102750095895011,-76.98489999999947,164.94685522935856,-2.487276807409552,9.330001246708399
3.5940000000000007,-12.102787634222206,-76.98489999999947,164.90937698086663,-2.3517397997282554,9.288587161028005
3.5990000000000006,-12.102825296343156,-76.98489999999947,164.87177434081997,-2.2157596452635335,9.247037669386003
3.6040000000000005,-12.102863082257866,-76.98489999999947,164.83404730921865,-2.0793363440153865,9.205352771782405
3.609000000000001,-12.102900991966333,-76.98489999999947,164.7961958860627,-1.9424698959838,9.1635324682172
3.6140000000000008,-12.102939025468556,-76.98489999999948,164.758220071352,-1.8051603011688044,9.121576758690395
3.6190000000000007,-12.10297718276454,-76.98489999999948,164.7201198650867,-1.6674075595703783,9.079485643201988
3.6240000000000006,-12.10301546385428,-76.9848999999995,164.6818952672667,-1.5292116711885324,9.037259121751982
3.629000000000001,-12.10305386873778,-76.9848999999995,164.643546277892,-1.390572636023247,8.994897194340366
3.634000000000001,-12.103092397415034,-76.98489999999951,164.60507289696267,-1.2514904540745473,8.952399860967153
3.6390000000000007,-12.103131049886048,-76.9848999999995,164.56647512447861,-1.1119651253424223,8.909767121632338
3.6440000000000006,-12.103169826150822,-76.98489999999953,164.52775296043993,-0.971996649826874,8.866998976335921
3.649000000000001,-12.103208726209349,-76.98489999999951,164.48890640484652,-0.8315850275278862,8.824095425077898
3.654000000000001,-12.103247750061639,-76.98489999999953,164.44993545769847,-0.690730258445484,8.781056467858276
3.6590000000000007,-12.103286897707683,-76.98489999999953,164.41084011899574,-0.5494323425796601,8.737882104677054
3.6640000000000006,-12.103326169147488,-76.98489999999954,164.37162038873834,-0.4076912799304111,8.694572335534227
3.669000000000001,-12.103365564381047,-76.98489999999954,164.33227626692621,-0.26550707049772093,8.651127160429795
3.674000000000001,-12.103405083408365,-76.98489999999953,164.29280775355943,-0.12287971428162159,8.607546579363763
3.6790000000000007,-12.103444726229444,-76.98489999999954,164.253214848638,0.020190788717904695,8.563830592336132
3.6840000000000006,-12.103484492844279,-76.98489999999956,164.2134975521619,0.16370443850085614,8.519979199346897
3.6890000000000005,-12.103524383252873,-76.98489999999956,164.17365586413112,0.3076612350672363,8.47599240039606
3.694000000000001,-12.103564397455223,-76.98489999999957,164.13368978454565,0.4520611784170505,8.431870195483619
3.6990000000000007,-12.10360453545133,-76.98489999999956,164.0935993134055,0.5969042685502757,8.387612584609577
3.7040000000000006,-12.103644797241197,-76.98489999999957,164.0533844507107,0.7421905054669278,8.343219567773932
3.7090000000000005,-12.103685182824819,-76.98489999999957,164.01304519646118,0.8879198891670068,8.298691144976686
3.714000000000001,-12.103725692202202,-76.98489999999958,163.97258155065703,1.0340924196505252,8.254027316217837
3.7190000000000007,-12.103766325373343,-76.98489999999958,163.93199351329815,1.1807080969174546,8.209228081497386
3.7240000000000006,-12.103807082338239,-76.98489999999958,163.89128108438464,1.3277669209678056,8.164293440815335
3.7290000000000005,-12.103847963096896,-76.9848999999996,163.85044426391644,1.475268891801587,8.11922339417168
3.734000000000001,-12.103888967649308,-76.9848999999996,163.80948305189358,1.6232140094188043,8.074017941566419
3.7390000000000008,-12.10393009599548,-76.9848999999996,163.76839744831605,1.7716022738194326,8.028677082999563
3.7440000000000007,-12.103971348135408,-76.98489999999961,163.7271874531838,1.9204336850034895,7.983200818471101
3.7490000000000006,-12.104012724069094,-76.9848999999996,163.6858530664969,2.06970824297097,7.937589147981037
3.754000000000001,-12.10405422379654,-76.98489999999961,163.64439428825534,2.2194259477218896,7.89184207152937
3.759000000000001,-12.104095847317744,-76.98489999999964,163.60281111845907,2.3695867992562185,7.845959589116103
3.7640000000000007,-12.104137594632704,-76.98489999999964,163.56110355710817,2.520190797573978,7.7999417007412335
3.7690000000000006,-12.10417946574142,-76.98489999999964,163.51927160420254,2.671237942675159,7.7537884064047615
3.774000000000001,-12.104221460643897,-76.98489999999964,163.47731525974226,2.8227282345597757,7.707499706106684
3.779000000000001,-12.104263579340131,-76.98489999999964,163.4352345237273,2.974661673227809,7.661075599847009
3.7840000000000007,-12.104305821830122,-76.98489999999964,163.39302939615766,3.127038258679267,7.61451608762573
3.7890000000000006,-12.104348188113875,-76.98489999999966,163.35069987703338,3.2798579909141505,7.567821169442851
3.794000000000001,-12.104390678191379,-76.98489999999966,163.30824596635438,3.433120869932468,7.520990845298364
3.799000000000001,-12.104433292062646,-76.98489999999967,163.26566766412074,3.5868268957342053,7.474025115192279
3.8040000000000007,-12.104476029727667,-76.98489999999966,163.22296497033238,3.7409760683193616,7.426923979124593
3.8090000000000006,-12.104518891186448,-76.98489999999967,163.18013788498936,3.8955683876879466,7.379687437095303
3.814000000000001,-12.10456187643899,-76.98489999999967,163.13718640809168,4.050603853839969,7.332315489104409
3.819000000000001,-12.104604985485285,-76.98489999999968,163.0941105396393,4.2060824667754035,7.284808135151915
3.8240000000000007,-12.10464821832534,-76.98489999999968,163.05091027963226,4.362004226494263,7.23716537523782
3.8290000000000006,-12.104691574959155,-76.9848999999997,163.0075856280706,4.518369132996549,7.189387209362124
3.834000000000001,-12.104735055386723,-76.9848999999997,162.9641365849542,4.675177186282273,7.141473637524819
3.839000000000001,-12.104778659608051,-76.98489999999971,162.92056315028313,4.832428386351409,7.093424659725918
3.8440000000000007,-12.104822387623138,-76.9848999999997,162.87686532405738,4.990122733203969,7.045240275965414
3.8490000000000006,-12.10486623943198,-76.98489999999971,162.83304310627693,5.148260226839953,6.996920486243306
3.8540000000000005,-12.104910215034584,-76.98489999999973,162.78909649694188,5.306840867259366,6.9484652905596
3.859000000000001,-12.104954314430945,-76.98489999999974,162.7450254960521,5.4658646544622185,6.899874688914284
3.8640000000000008,-12.10499853762106,-76.98489999999973,162.70083010360767,5.62533158844848,6.851148681307372
3.8690000000000007,-12.105042884604934,-76.98489999999973,162.65651031960854,5.785241669218165,6.802287267738857
3.8740000000000006,-12.105087355382569,-76.98489999999974,162.61206614405475,5.9455948967712775,6.75329044820874
3.879000000000001,-12.105131949953961,-76.98489999999974,162.56749757694627,6.106391271107829,6.704158222717017
3.884000000000001,-12.105176668319109,-76.98489999999975,162.52280461828312,6.267630792227792,6.654890591263696
3.8890000000000007,-12.105221510478016,-76.98489999999975,162.4779872680653,6.429313460131182,6.605487553848771
3.8940000000000006,-12.105266476430678,-76.98489999999975,162.43304552629277,6.5914392748179935,6.5559491104722465
3.899000000000001,-12.105311566177102,-76.98489999999977,162.38797939296563,6.7540082362882465,6.506275261134114
3.904000000000001,-12.105356779717283,-76.98489999999977,162.34278886808377,6.9170203445419105,6.456466005834384
3.9090000000000007,-12.105402117051222,-76.98489999999978,162.29747395164725,7.080475599579,6.4065213445730524
3.9140000000000006,-12.105447578178916,-76.98489999999978,162.25203464365603,7.244374001399516,6.356441277350118
3.919000000000001,-12.10549316310037,-76.98489999999978,162.20647094411018,7.40871555000347,6.306225804165577
3.924000000000001,-12.105538871815584,-76.98489999999981,162.1607828530096,7.573500245390833,6.255874925019439
3.9290000000000007,-12.105584704324551,-76.9848999999998,162.11497037035437,7.738728087561625,6.205388639911698
3.9340000000000006,-12.10563066062728,-76.98489999999981,162.06903349614447,7.904399076515841,6.154766948842355
3.939000000000001,-12.105676740723766,-76.98489999999981,162.0229722303799,8.070513212253498,6.104009851811405
3.944000000000001,-12.105722944614007,-76.98489999999981,161.97678657306062,8.237070494774562,6.053117348818858
3.9490000000000007,-12.105769272298007,-76.98489999999981,161.9304765241867,8.404070924079054,6.002089439864708
3.9540000000000006,-12.10581572377577,-76.98489999999984,161.88404208375815,8.571514500166971,5.950926124948959
3.959000000000001,-12.105862299047287,-76.98489999999985,161.83748325177484,8.739401223038328,5.899627404071599
3.964000000000001,-12.10590899811256,-76.98489999999984,161.79080002823687,8.907731092693098,5.848193277232642
3.9690000000000007,-12.105955820971593,-76.98489999999985,161.7439924131442,9.076504109131289,5.796623744432085
3.9740000000000006,-12.10600276762438,-76.98489999999984,161.6970604064969,9.245720272352905,5.744918805669925
3.979000000000001,-12.10604983807093,-76.98489999999985,161.65000400829493,9.415379582357964,5.6930784609461575
3.984000000000001,-12.106097032311236,-76.98489999999985,161.60282321853828,9.585482039146433,5.641102710260793
3.9890000000000008,-12.1061443503453,-76.98489999999987,161.55551803722693,9.756027642718328,5.588991553613827
3.9940000000000007,-12.10619179217312,-76.98489999999987,161.50808846436092,9.927016393073645,5.536744991005257
3.999000000000001,-12.106239357794701,-76.98489999999988,161.46053449994022,10.098448290212406,5.4843630224350814
4.0040000000000004,-12.10628704721004,-76.98489999999991,161.4128561439649,10.270323334134563,5.431845647903314
4.009,-12.106334860419137,-76.98489999999991,161.36505339643486,10.442641524840159,5.379192867409939
4.014,-12.10638279742199,-76.98489999999991,161.31712625735014,10.615402862329178,5.326404680954961
4.019,-12.1064308582186,-76.98489999999991,161.26907472671073,10.788607346601623,5.2734810885383805
4.024,-12.106479042808969,-76.98489999999991,161.22089880451668,10.962254977657492,5.220422090160199
4.029,-12.106527351193094,-76.98489999999994,161.17259849076794,11.13634575549679,5.167227685820416
4.034000000000001,-12.10657578337098,-76.98489999999994,161.12417378546454,11.310879680119545,5.1138978755190205
4.039000000000001,-12.106624339342623,-76.98489999999994,161.0756246886064,11.48585675152569,5.060432659256032
4.0440000000000005,-12.106673019108023,-76.98489999999994,161.02695120019365,11.66127696971526,5.00683203703144
4.049,-12.106721822667179,-76.98489999999995,160.9781533202262,11.837140334688257,4.953096008845248
4.054,-12.106770750020099,-76.98489999999997,160.92923104870408,12.013446846444682,4.899224574697453
4.059,-12.106819801166772,-76.98489999999997,160.88018438562727,12.19019650498453,4.845217734588056
4.064,-12.106868976107203,-76.98489999999998,160.8310133309958,12.367389310307802,4.791075488517056
4.069,-12.10691827484139,-76.98489999999997,160.78171788480964,12.545025262414498,4.736797836484455
4.074000000000001,-12.106967697369338,-76.98489999999998,160.73229804706878,12.723104361304653,4.682384778490242
4.079000000000001,-12.107017243691043,-76.98489999999998,160.68275381777332,12.901626606978203,4.627836314534436
4.0840000000000005,-12.107066913806507,-76.9849,160.63308519692313,13.080591999435176,4.573152444617028
4.089,-12.1071,-76.9849,160.6,13.32,4.5
4.094,-12.1072,-76.9849,160.5,13.32,4.5
4.099,-12.1072,-76.9849,160.5,13.68,4.39
4.104,-12.107266832205937,-76.98490000000001,160.43316679797567,13.800885037097325,4.353062905331374
4.109,-12.10731712129019,-76.98490000000002,160.38287621935208,13.982066163471426,4.297702005605956
4.114000000000001,-12.107367534168201,-76.98490000000004,160.33246124917386,14.163690436628984,4.242205699918926
4.119000000000001,-12.10741807083997,-76.98490000000005,160.28192188744097,14.34575785656994,4.186573988270303
4.1240000000000006,-12.107468731305493,-76.98490000000005,160.2312581341534,14.528268423294312,4.130806870660077
4.1290000000000004,-12.107519515564778,-76.98490000000005,160.18046998931112,14.711222136802114,4.07490434708825
4.134,-12.107570423617817,-76.98490000000004,160.12955745291416,14.894618997093339,4.018866417554819
4.139,-12.107621455464617,-76.98490000000005,160.07852052496256,15.078459004167993,3.9626930820597877
4.144,-12.107672611105176,-76.98490000000007,160.0273592054563,15.262742158026072,3.9063843406031546
